"","Rank","Time","Wind","Name","Country","Birthdate","City","Date","CityDate"
"1517",1395,11.06,"-0.6","Murielle Ahour&eacute;","CIV","23.08.87","Abidjan","26.04.2014","Abidjan 26.04.2014"
"1790",1696,11.08,"+0.2","Damola Osayomi","NGR","26.07.86","Abuja","02.07.2008","Abuja 02.07.2008"
"1921",1853,11.09,"+1.6","Chryste Gaines","USA","14.09.70","Ad-Dawhah","05.10.2000","Ad-Dawhah 05.10.2000"
"67",60,10.8,"+0.7","Tori Bowie","USA","27.08.90","Ad-Dawhah","06.05.2016","Ad-Dawhah 06.05.2016"
"755",722,10.99,"+0.7","Beverly McDonald","JAM","15.02.70","Ad-Dawhah","07.05.1998","Ad-Dawhah 07.05.1998"
"405",377,10.93,"+1.3","Kerron Stewart","JAM","16.04.84","Ad-Dawhah","08.05.2009","Ad-Dawhah 08.05.2009"
"403",377,10.93,"+1.5","Allyson Felix","USA","18.11.85","Ad-Dawhah","09.05.2008","Ad-Dawhah 09.05.2008"
"361",333,10.92,"+0.7","Allyson Felix","USA","18.11.85","Ad-Dawhah","11.05.2012","Ad-Dawhah 11.05.2012"
"923",888,11.01,"+0.4","Chandra Sturrup","BAH","12.09.71","Ad-Dawhah","15.05.2002","Ad-Dawhah 15.05.2002"
"1977",1853,11.09,"+1.4","Ruddy Zang Milama","GAB","06.06.87","Albi","29.07.2011","Albi 29.07.2011"
"2003",1853,11.09,"+0.8","Olga Safronova","KAZ","05.11.91","Almaty","24.05.2016","Almaty 24.05.2016"
"287",258,10.9,"-0.2","Dafne Schippers","NED","15.06.92","Amsterdam","08.07.2016","Amsterdam 08.07.2016"
"1071",986,11.02,"+0.8","Dafne Schippers","NED","15.06.92","Amsterdam","31.07.2015","Amsterdam 31.07.2015"
"1164",1084,11.03,"+1.6","Ruddy Zang Milama","GAB","06.06.87","Angers","16.06.2012","Angers 16.06.2012"
"1993",1853,11.09,"+0.3","Myriam Soumar&eacute;","FRA","29.10.86","Angers","30.08.2014","Angers 30.08.2014"
"561",525,10.96,"+0.4","Muriel Hurtis","FRA","25.03.79","Annecy","22.06.2002","Annecy 22.06.2002"
"267",258,10.9,"+0.7","Zhanna Block","UKR","06.07.72","Ath&iacute;nai","02.08.1997","Ath&iacute;nai 02.08.1997"
"103",98,10.83,"+0.4","Marion Jones","USA","12.10.75","Ath&iacute;nai","03.08.1997","Ath&iacute;nai 03.08.1997"
"1119",1084,11.03,"-1.3","Ekater&iacute;ni Th&aacute;nou","GRE","01.02.75","Ath&iacute;nai","05.06.1999","Ath&iacute;nai 05.06.1999"
"887",888,11.01,"-0.6","Marlies G&ouml;hr","GDR","21.03.58","Ath&iacute;nai","07.09.1982","Ath&iacute;nai 07.09.1982"
"392",377,10.93,"-0.1","Ekater&iacute;ni Th&aacute;nou","GRE","01.02.75","Ath&iacute;nai","08.07.2000","Ath&iacute;nai 08.07.2000"
"1031",986,11.02,"+0.9","Zhanna Block","UKR","06.07.72","Ath&iacute;nai","10.06.2002","Ath&iacute;nai 10.06.2002"
"395",377,10.93,"+0.6","Zhanna Block","UKR","06.07.72","Ath&iacute;nai","11.06.2001","Ath&iacute;nai 11.06.2001"
"356",333,10.92,"+0.1","Veronica Campbell-Brown","JAM","16.05.82","Ath&iacute;nai","13.07.2008","Ath&iacute;nai 13.07.2008"
"570",525,10.96,"+0.4","Veronica Campbell-Brown","JAM","16.05.82","Ath&iacute;nai","13.07.2009","Ath&iacute;nai 13.07.2009"
"351",333,10.92,"-0.9","Ekater&iacute;ni Th&aacute;nou","GRE","01.02.75","Ath&iacute;nai","16.06.1999","Ath&iacute;nai 16.06.1999"
"1923",1853,11.09,"+0.2","Ekater&iacute;ni Th&aacute;nou","GRE","01.02.75","Ath&iacute;nai","16.06.2001","Ath&iacute;nai 16.06.2001"
"633",592,10.97,"+0.1","Sherone Simpson","JAM","12.08.84","Ath&iacute;nai","16.09.2006","Ath&iacute;nai 16.09.2006"
"449",423,10.94,"+0.9","Yuliya Nesterenko","BLR","15.06.79","Ath&iacute;nai","20.08.2004","Ath&iacute;nai 20.08.2004"
"353",333,10.92,"+0.1","Yuliya Nesterenko","BLR","15.06.79","Ath&iacute;nai","21.08.2004","Ath&iacute;nai 21.08.2004"
"618",592,10.97,"+1.7","Chryste Gaines","USA","14.09.70","Ath&iacute;nai","28.06.2000","Ath&iacute;nai 28.06.2000"
"1027",986,11.02,"0.0","LaTasha Jenkins","USA","19.12.77","Athens","05.05.2001","Athens 05.05.2001"
"1319",1292,11.05,"-0.1","Debbie Ferguson-McKenzie","BAH","16.01.76","Athens","16.05.1999","Athens 16.05.1999"
"543",525,10.96,"+0.9","Gail Devers","USA","19.11.66","Atlanta","14.06.1996","Atlanta 14.06.1996"
"89",82,10.82,"+1.1","Gwen Torrence","USA","12.06.65","Atlanta","15.06.1996","Atlanta 15.06.1996"
"147",141,10.85,"+1.6","Gwen Torrence","USA","12.06.65","Atlanta","18.05.1996","Atlanta 18.05.1996"
"345",333,10.92,"-0.5","Gail Devers","USA","19.11.66","Atlanta","26.07.1996","Atlanta 26.07.1996"
"390",377,10.93,"+0.4","Merlene Ottey","JAM","10.05.60","Atlanta","27.07.1996","Atlanta 27.07.1996"
"1958",1853,11.09,"+1.6","Kelly-Ann Baptiste","TTO","14.10.86","Auburn","18.05.2008","Auburn 18.05.2008"
"1642",1545,11.07,"+0.9","Sheniqua Ferguson","BAH","24.11.89","Auburn","21.04.2012","Auburn 21.04.2012"
"1670",1545,11.07,"+1.9","Morolake Akinosun","USA","17.05.94","Austin","02.04.2016","Austin 02.04.2016"
"1930",1853,11.09,"+2.0","Mary Onyali","NGR","03.02.68","Austin","03.05.2003","Austin 03.05.2003"
"1963",1853,11.09,"+1.0","Alexandra Anderson","USA","28.01.87","Austin","04.04.2009","Austin 04.04.2009"
"1488",1395,11.06,"+1.9","Kelly-Ann Baptiste","TTO","14.10.86","Austin","05.04.2008","Austin 05.04.2008"
"386",377,10.93,"+1.5","Dawn Sowell","USA","27.03.66","Austin","07.04.1989","Austin 07.04.1989"
"626",592,10.97,"+1.0","Lauryn Williams","USA","11.09.83","Austin","11.06.2004","Austin 11.06.2004"
"1541",1545,11.07,"+2.0","Merlene Ottey","JAM","10.05.60","Austin","29.05.1981","Austin 29.05.1981"
"1531",1395,11.06,"+1.5","Desir&egrave;e Henry","GBR","26.08.95","Azusa","15.04.2016","Azusa 15.04.2016"
"1663",1545,11.07,"+2.0","Ana Cl&aacute;udia Lemos Silva","BRA","06.11.88","Azusa","17.04.2015","Azusa 17.04.2015"
"1797",1696,11.08,"+0.4","Sherri-Ann Brooks","JAM","11.02.83","Baie Mahault","01.05.2010","Baie Mahault 01.05.2010"
"1281",1188,11.04,"-0.3","English Gardner","USA","22.04.92","Baie Mahault","14.05.2016","Baie Mahault 14.05.2016"
"84",82,10.82,"-1.0","Gail Devers","USA","19.11.66","Barcelona","01.08.1992","Barcelona 01.08.1992"
"192",187,10.87,"-0.2","Merlene Ottey","JAM","10.05.60","Barcelona","20.09.1991","Barcelona 20.09.1991"
"673",661,10.98,"-1.1","Irina Privalova","RUS","12.11.68","Barcelona","31.07.1992","Barcelona 31.07.1992"
"1894",1853,11.09,"+1.2","Sheila Echols","USA","02.10.64","Baton Rouge","13.05.1995","Baton Rouge 13.05.1995"
"573",525,10.96,"+1.9","Kimberlyn Duncan","USA","02.08.91","Baton Rouge","13.05.2012","Baton Rouge 13.05.2012"
"1367",1292,11.05,"+1.0","Kimberlyn Duncan","USA","02.08.91","Baton Rouge","21.04.2012","Baton Rouge 21.04.2012"
"1577",1545,11.07,"+1.8","Cheryl Taplin","USA","02.09.72","Baton Rouge","25.05.1994","Baton Rouge 25.05.1994"
"1547",1545,11.07,"+0.9","Alice Brown","USA","20.09.60","Baton Rouge","28.07.1985","Baton Rouge 28.07.1985"
"492",476,10.95,"+1.4","Li Xuemei","CHN","05.01.77","Beijing","06.06.1998","Beijing 06.06.1998"
"1006",986,11.02,"0.0","Liu Xiaomei","CHN","11.01.72","Beijing","08.09.1993","Beijing 08.09.1993"
"697",661,10.98,"+0.4","Kerron Stewart","JAM","16.04.84","Beijing","16.08.2008","Beijing 16.08.2008"
"43",38,10.78,"0.0","Shelly-Ann Fraser-Pryce","JAM","27.12.86","Beijing","17.08.2008","Beijing 17.08.2008"
"1533",1395,11.06,"-0.1","Murielle Ahour&eacute;","CIV","23.08.87","Beijing","18.05.2016","Beijing 18.05.2016"
"1379",1292,11.05,"+0.2","Michelle-Lee Ahye","TTO","10.04.92","Beijing","20.05.2015","Beijing 20.05.2015"
"1266",1188,11.04,"+1.2","Blessing Okagbare","NGR","10.09.88","Beijing","21.05.2013","Beijing 21.05.2013"
"228",210,10.88,"+0.5","Tori Bowie","USA","27.08.90","Beijing","23.08.2015","Beijing 23.08.2015"
"33",29,10.76,"-0.3","Shelly-Ann Fraser-Pryce","JAM","27.12.86","Beijing","24.08.2015","Beijing 24.08.2015"
"1373",1292,11.05,"+1.7","Ana Cl&aacute;udia Lemos Silva","BRA","06.11.88","Bel&eacute;m","12.05.2013","Bel&eacute;m 12.05.2013"
"1736",1696,11.08,"+0.4","Zhanna Block","UKR","06.07.72","Belaya Cerkov","26.06.1998","Belaya Cerkov 26.06.1998"
"689",661,10.98,"+1.7","Sevatheda Fynes","BAH","17.10.74","Bellinzona","01.09.1999","Bellinzona 01.09.1999"
"489",476,10.95,"-0.4","Merlene Ottey","JAM","10.05.60","Bellinzona","12.07.1996","Bellinzona 12.07.1996"
"1666",1545,11.07,"0.0","Tianna Bartoletta","USA","30.08.85","Bellinzona","21.07.2015","Bellinzona 21.07.2015"
"165",163,10.86,"+0.8","Anelia Nuneva","BUL","30.06.62","Beograd","17.06.1987","Beograd 17.06.1987"
"72",68,10.81,"+0.2","Marion Jones","USA","12.10.75","Berlin","01.09.1998","Berlin 01.09.1998"
"1127",1084,11.03,"+0.1","Sevatheda Fynes","BAH","17.10.74","Berlin","01.09.2000","Berlin 01.09.2000"
"355",333,10.92,"0.0","Sherone Simpson","JAM","12.08.84","Berlin","03.09.2006","Berlin 03.09.2006"
"900",888,11.01,"-0.4","Merlene Ottey","JAM","10.05.60","Berlin","04.07.1990","Berlin 04.07.1990"
"933",888,11.01,"+1.1","Christine Arron","FRA","13.09.73","Berlin","04.09.2005","Berlin 04.09.2005"
"1196",1188,11.04,"-0.5","Merlene Ottey","JAM","10.05.60","Berlin","05.07.1989","Berlin 05.07.1989"
"68",68,10.81,"+1.7","Marlies G&ouml;hr","GDR","21.03.58","Berlin","08.06.1983","Berlin 08.06.1983"
"125",123,10.84,"+0.2","Merlene Ottey","JAM","10.05.60","Berlin","10.09.1991","Berlin 10.09.1991"
"852",806,11,"+0.1","Kerron Stewart","JAM","16.04.84","Berlin","14.06.2009","Berlin 14.06.2009"
"727",722,10.99,"+0.1","Marlies G&ouml;hr","GDR","21.03.58","Berlin","15.07.1984","Berlin 15.07.1984"
"382",377,10.93,"+1.6","Evelyn Ashford","USA","15.04.57","Berlin","15.08.1986","Berlin 15.08.1986"
"359",333,10.92,"-0.3","Kerron Stewart","JAM","16.04.84","Berlin","16.08.2009","Berlin 16.08.2009"
"982",986,11.02,"+0.7","Evelyn Ashford","USA","15.04.57","Berlin","17.08.1979","Berlin 17.08.1979"
"1846",1853,11.09,"+0.1","Merlene Ottey","JAM","10.05.60","Berlin","17.08.1983","Berlin 17.08.1983"
"333",333,10.92,"+1.3","Evelyn Ashford","USA","15.04.57","Berlin","17.08.1984","Berlin 17.08.1984"
"82",82,10.82,"+1.4","Merlene Ottey","JAM","10.05.60","Berlin","17.08.1990","Berlin 17.08.1990"
"21",20,10.73,"+0.1","Shelly-Ann Fraser-Pryce","JAM","27.12.86","Berlin","17.08.2009","Berlin 17.08.2009"
"295",293,10.91,"-0.5","Marlies G&ouml;hr","GDR","21.03.58","Berlin","20.07.1984","Berlin 20.07.1984"
"234",231,10.89,"+1.8","Katrin Krabbe","GER","22.11.69","Berlin","20.07.1988","Berlin 20.07.1988"
"891",888,11.01,"+0.7","Marlies G&ouml;hr","GDR","21.03.58","Berlin","20.08.1986","Berlin 20.08.1986"
"667",661,10.98,"+0.7","Gail Devers","USA","19.11.66","Berlin","21.08.1987","Berlin 21.08.1987"
"388",377,10.93,"+1.5","Irina Privalova","RUS","12.11.68","Berlin","21.08.1992","Berlin 21.08.1992"
"1969",1853,11.09,"+0.4","Sherone Simpson","JAM","12.08.84","Berlin","22.08.2010","Berlin 22.08.2010"
"164",163,10.86,"+2.0","Marlies G&ouml;hr","GDR","21.03.58","Berlin","22.09.1985","Berlin 22.09.1985"
"1880",1853,11.09,"+0.2","Carlette Guidry","USA","04.09.68","Berlin","23.06.1991","Berlin 23.06.1991"
"1398",1395,11.06,"-0.5","Alice Brown","USA","20.09.60","Berlin","23.08.1985","Berlin 23.08.1985"
"70",68,10.81,"+0.8","Marion Jones","USA","12.10.75","Berlin","26.08.1997","Berlin 26.08.1997"
"904",888,11.01,"-0.5","Merlene Ottey","JAM","10.05.60","Berlin","27.08.1993","Berlin 27.08.1993"
"1552",1545,11.07,"+0.3","Merlene Ottey","JAM","10.05.60","Berlin","30.08.1985","Berlin 30.08.1985"
"242",231,10.89,"-0.1","Gail Devers","USA","19.11.66","Berlin","30.08.1996","Berlin 30.08.1996"
"294",293,10.91,"+0.6","Marlies G&ouml;hr","GDR","21.03.58","Berlin","31.07.1983","Berlin 31.07.1983"
"1076",986,11.02,"+0.8","English Gardner","USA","22.04.92","Birmingham","05.06.2016","Birmingham 05.06.2016"
"1825",1696,11.08,"+0.5","Dina Asher-Smith","GBR","04.12.95","Birmingham","05.07.2015","Birmingham 05.07.2015"
"1855",1853,11.09,"+1.4","Evelyn Ashford","USA","15.04.57","Birmingham","19.07.1986","Birmingham 19.07.1986"
"1237",1188,11.04,"+1.7","Aleen Bailey","JAM","25.11.80","Birmingham","25.07.2004","Birmingham 25.07.2004"
"76",68,10.81,"+0.7","Carmelita Jeter","USA","24.11.79","Birmingham","26.08.2012","Birmingham 26.08.2012"
"1226",1188,11.04,"+2.0","Lyubov Perepelova","UZB","26.02.79","Bishkek","03.06.2000","Bishkek 03.06.2000"
"1714",1696,11.08,"+1.4","Evette de Klerk","RSA","21.08.65","Bloemfontein","27.04.1990","Bloemfontein 27.04.1990"
"1215",1188,11.04,"-0.5","Sevatheda Fynes","BAH","17.10.74","Bloomington","07.06.1997","Bloomington 07.06.1997"
"1892",1853,11.09,"+1.2","Holli Hyche","USA","06.09.71","Boise","02.06.1994","Boise 02.06.1994"
"1101",1084,11.03,"+2.0","Holli Hyche","USA","06.09.71","Boise","03.06.1994","Boise 03.06.1994"
"686",661,10.98,"+1.1","Debbie Ferguson-McKenzie","BAH","16.01.76","Boise","04.06.1999","Boise 04.06.1999"
"1224",1188,11.04,"+1.4","Angela Williams","USA","30.01.80","Boise","05.06.1999","Boise 05.06.1999"
"491",476,10.95,"+2.0","Christine Arron","FRA","13.09.73","Bonneuil-sur-Marne","24.05.1998","Bonneuil-sur-Marne 24.05.1998"
"1178",1084,11.03,"+0.4","Tori Bowie","USA","27.08.90","Boston","17.06.2016","Boston 17.06.2016"
"1677",1545,11.07,"+1.5","Lekeisha Lawson","USA","03.06.87","Boston","18.06.2016","Boston 18.06.2016"
"508",476,10.95,"+1.8","Simone Facey","JAM","07.05.85","Boulder","18.05.2008","Boulder 18.05.2008"
"1844",1853,11.09,"-0.2","Marlies G&ouml;hr","GDR","21.03.58","Bratislava","03.06.1983","Bratislava 03.06.1983"
"1842",1853,11.09,"+1.7","Jarmila Kratochv&iacute;lov&aacute;","CZE","26.01.51","Bratislava","06.06.1981","Bratislava 06.06.1981"
"1669",1545,11.07,"0.0","Marie-Jos&eacute;e Ta Lou","CIV","18.11.88","Brazzaville","13.09.2015","Brazzaville 13.09.2015"
"1074",986,11.02,"+0.6","Marie-Jos&eacute;e Ta Lou","CIV","18.11.88","Brazzaville","14.09.2015","Brazzaville 14.09.2015"
"1208",1188,11.04,"+0.6","Melanie Paschke","GER","29.06.70","Bremen","30.06.1995","Bremen 30.06.1995"
"922",888,11.01,"+1.1","Zhanna Block","UKR","06.07.72","Brisbane","04.09.2001","Brisbane 04.09.2001"
"1083",1084,11.03,"+1.4","Merlene Ottey","JAM","10.05.60","Brisbane","04.10.1982","Brisbane 04.10.1982"
"169",163,10.86,"+0.9","Gwen Torrence","USA","12.06.65","Bruxelles","03.09.1993","Bruxelles 03.09.1993"
"1773",1696,11.08,"+0.1","Aleen Bailey","JAM","25.11.80","Bruxelles","03.09.2004","Bruxelles 03.09.2004"
"225",210,10.88,"+0.5","Carmelita Jeter","USA","24.11.79","Bruxelles","04.09.2009","Bruxelles 04.09.2009"
"220",210,10.88,"-0.1","Chryste Gaines","USA","14.09.70","Bruxelles","05.09.2003","Bruxelles 05.09.2003"
"19",16,10.72,"-0.3","Shelly-Ann Fraser-Pryce","JAM","27.12.86","Bruxelles","06.09.2013","Bruxelles 06.09.2013"
"1243",1188,11.04,"+2.0","Kim Gevaert","BEL","05.08.78","Bruxelles","09.07.2006","Bruxelles 09.07.2006"
"1869",1853,11.09,"-1.2","Merlene Ottey","JAM","10.05.60","Bruxelles","11.09.1987","Bruxelles 11.09.1987"
"45",38,10.78,"+0.4","Carmelita Jeter","USA","24.11.79","Bruxelles","16.09.2011","Bruxelles 16.09.2011"
"101",98,10.83,"0.0","Gwen Torrence","USA","12.06.65","Bruxelles","19.08.1994","Bruxelles 19.08.1994"
"30",29,10.76,"+0.9","Marion Jones","USA","12.10.75","Bruxelles","22.08.1997","Bruxelles 22.08.1997"
"129",123,10.84,"-0.5","Gail Devers","USA","19.11.66","Bruxelles","23.08.1996","Bruxelles 23.08.1996"
"500",476,10.95,"+0.1","Chandra Sturrup","BAH","12.09.71","Bruxelles","24.08.2001","Bruxelles 24.08.2001"
"1095",1084,11.03,"-0.1","Merlene Ottey","JAM","10.05.60","Bruxelles","25.08.1989","Bruxelles 25.08.1989"
"110",98,10.83,"-1.3","Marion Jones","USA","12.10.75","Bruxelles","25.08.2000","Bruxelles 25.08.2000"
"506",476,10.95,"+0.3","Sherone Simpson","JAM","12.08.84","Bruxelles","25.08.2006","Bruxelles 25.08.2006"
"1086",1084,11.03,"-1.7","Diane Williams","USA","14.12.60","Bruxelles","26.08.1983","Bruxelles 26.08.1983"
"632",592,10.97,"+0.3","Christine Arron","FRA","13.09.73","Bruxelles","26.08.2005","Bruxelles 26.08.2005"
"1543",1545,11.07,"+0.4","Evelyn Ashford","USA","15.04.57","Bruxelles","28.08.1981","Bruxelles 28.08.1981"
"239",231,10.89,"+0.6","Merlene Ottey","JAM","10.05.60","Bruxelles","28.08.1992","Bruxelles 28.08.1992"
"61",60,10.8,"-0.8","Marion Jones","USA","12.10.75","Bruxelles","28.08.1998","Bruxelles 28.08.1998"
"271",258,10.9,"+1.0","Zhanna Block","UKR","06.07.72","Bruxelles","30.08.2002","Bruxelles 30.08.2002"
"337",333,10.92,"+0.8","Merlene Ottey","JAM","10.05.60","Budapest","06.07.1987","Budapest 06.07.1987"
"1872",1853,11.09,"+1.7","Merlene Ottey","JAM","10.05.60","Budapest","08.08.1989","Budapest 08.08.1989"
"1657",1545,11.07,"0.0","Carmelita Jeter","USA","24.11.79","Budapest","10.07.2013","Budapest 10.07.2013"
"735",722,10.99,"+1.8","Silke M&ouml;ller","GER","20.06.64","Budapest","15.09.1987","Budapest 15.09.1987"
"1223",1188,11.04,"+0.6","Ekater&iacute;ni Th&aacute;nou","GRE","01.02.75","Budapest","18.08.1998","Budapest 18.08.1998"
"20",20,10.73,"+2.0","Christine Arron","FRA","13.09.73","Budapest","19.08.1998","Budapest 19.08.1998"
"1682",1545,11.07,"+0.9","Candace Hill","USA","11.02.99","Bydgoszcz","21.07.2016","Bydgoszcz 21.07.2016"
"1518",1395,11.06,"-1.0","Blessing Okagbare","NGR","10.09.88","Calabar","19.06.2014","Calabar 19.06.2014"
"1504",1395,11.06,"-0.3","Blessing Okagbare","NGR","10.09.88","Calabar","25.06.2010","Calabar 25.06.2010"
"1827",1696,11.08,"0.0","Candace Hill","USA","11.02.99","Cali","16.07.2015","Cali 16.07.2015"
"1447",1395,11.06,"-0.7","Marion Jones","USA","12.10.75","Cape Town","26.03.1999","Cape Town 26.03.1999"
"1964",1853,11.09,"-0.9","Carmelita Jeter","USA","24.11.79","Carson","16.05.2009","Carson 16.05.2009"
"272",258,10.9,"+2.0","Torri Edwards","USA","31.01.77","Carson","20.05.2007","Carson 20.05.2007"
"775",722,10.99,"+1.0","Veronica Campbell-Brown","JAM","16.05.82","Carson","21.05.2006","Carson 21.05.2006"
"564",525,10.96,"-0.3","Veronica Campbell-Brown","JAM","16.05.82","Carson","22.05.2005","Carson 22.05.2005"
"1240",1188,11.04,"+1.4","Me'Lisa Barber","USA","04.10.80","Carson","24.06.2005","Carson 24.06.2005"
"915",888,11.01,"+1.4","Glory Alozie","NGR","30.12.77","Castell&oacute;n de la Plana","01.05.1999","Castell&oacute;n de la Plana 01.05.1999"
"1700",1696,11.08,"0.0","Evelyn Ashford","USA","15.04.57","Catania","19.09.1986","Catania 19.09.1986"
"1112",1084,11.03,"-0.3","Gail Devers","USA","19.11.66","Catania","31.08.1997","Catania 31.08.1997"
"1996",1853,11.09,"+1.5","Angela Tenorio","ECU","27.01.96","Ceunca","29.05.2015","Ceunca 29.05.2015"
"1901",1853,11.09,"+1.8","Sevatheda Fynes","BAH","17.10.74","Champaign","25.05.1997","Champaign 25.05.1997"
"1210",1188,11.04,"+1.5","Merlene Ottey","JAM","10.05.60","Chemnitz","19.05.1996","Chemnitz 19.05.1996"
"12",12,10.71,"+0.1","Marion Jones","USA","12.10.75","Chengdu","12.05.1998","Chengdu 12.05.1998"
"911",888,11.01,"+1.4","Li Xuemei","CHN","05.01.77","Chengdu","18.04.1998","Chengdu 18.04.1998"
"1033",986,11.02,"-0.6","Chryste Gaines","USA","14.09.70","Ciudad de M&eacute;xico","03.05.2003","Ciudad de M&eacute;xico 03.05.2003"
"805",806,11,"0.0","Marlies G&ouml;hr","GDR","21.03.58","Ciudad de M&eacute;xico","08.09.1979","Ciudad de M&eacute;xico 08.09.1979"
"806",806,11,"0.0","Marlies G&ouml;hr","GDR","21.03.58","Ciudad de M&eacute;xico","09.09.1979","Ciudad de M&eacute;xico 09.09.1979"
"1684",1696,11.08,"+1.2","Wyomia Tyus","USA","29.08.45","Ciudad de M&eacute;xico","15.10.1968","Ciudad de M&eacute;xico 15.10.1968"
"1911",1853,11.09,"+0.9","Liliana Allen","MEX","24.05.70","Ciudad de M&eacute;xico","19.06.1999","Ciudad de M&eacute;xico 19.06.1999"
"136",123,10.84,"+1.8","Kelly-Ann Baptiste","TTO","14.10.86","Clermont","05.06.2010","Clermont 05.06.2010"
"1485",1395,11.06,"+1.4","Angela Williams","USA","30.01.80","Clermont","09.06.2007","Clermont 09.06.2007"
"1262",1188,11.04,"-1.7","Veronica Campbell-Brown","JAM","16.05.82","Clermont","09.06.2012","Clermont 09.06.2012"
"1988",1853,11.09,"+1.3","Simone Facey","JAM","07.05.85","Clermont","10.05.2014","Clermont 10.05.2014"
"222",210,10.88,"+1.2","Veronica Campbell-Brown","JAM","16.05.82","Clermont","14.06.2008","Clermont 14.06.2008"
"874",806,11,"+0.8","Kelly-Ann Baptiste","TTO","14.10.86","Clermont","16.05.2015","Clermont 16.05.2015"
"1148",1084,11.03,"+1.1","Gloria Asumnu","USA","22.05.85","Clermont","24.05.2008","Clermont 24.05.2008"
"872",806,11,"+1.5","Samantha Henry-Robinson","JAM","25.09.88","Clermont","26.04.2014","Clermont 26.04.2014"
"880",806,11,"0.0","Tori Bowie","USA","27.08.90","Clermont","30.04.2016","Clermont 30.04.2016"
"961",888,11.01,"+1.2","Samantha Henry-Robinson","JAM","25.09.88","Clermont","31.05.2014","Clermont 31.05.2014"
"2008",1853,11.09,"+1.9","Candace Hill","USA","11.02.99","Clovis","24.06.2016","Clovis 24.06.2016"
"51",51,10.79,"+0.6","Evelyn Ashford","USA","15.04.57","Colorado Springs","03.07.1983","Colorado Springs 03.07.1983"
"258",258,10.9,"+0.6","Evelyn Ashford","USA","15.04.57","Colorado Springs","22.07.1981","Colorado Springs 22.07.1981"
"928",888,11.01,"+1.5","Lauryn Williams","USA","11.09.83","Coral Gables","10.04.2004","Coral Gables 10.04.2004"
"1994",1853,11.09,"+0.8","Angela Tenorio","ECU","27.01.96","Cuenca","14.03.2015","Cuenca 14.03.2015"
"1600",1545,11.07,"+0.3","Merlene Ottey","JAM","10.05.60","Cuxhaven","22.07.1998","Cuxhaven 22.07.1998"
"917",888,11.01,"0.0","Merlene Ottey","JAM","10.05.60","Cuxhaven","23.07.1999","Cuxhaven 23.07.1999"
"995",986,11.02,"-0.6","Marlies G&ouml;hr","GDR","21.03.58","D&uuml;sseldorf","19.06.1988","D&uuml;sseldorf 19.06.1988"
"1971",1853,11.09,"0.0","Carmelita Jeter","USA","24.11.79","Daegu","12.05.2011","Daegu 12.05.2011"
"854",806,11,"-0.3","Carmelita Jeter","USA","24.11.79","Daegu","19.05.2010","Daegu 19.05.2010"
"113",98,10.83,"-0.4","Carmelita Jeter","USA","24.11.79","Daegu","25.09.2009","Daegu 25.09.2009"
"279",258,10.9,"-1.4","Carmelita Jeter","USA","24.11.79","Daegu","29.08.2011","Daegu 29.08.2011"
"1317",1292,11.05,"-1.1","Mary Onyali","NGR","03.02.68","Dakar","19.08.1998","Dakar 19.08.1998"
"1802",1696,11.08,"+1.5","Candyce McGrone","USA","24.03.89","Des Moines","10.06.2011","Des Moines 10.06.2011"
"157",141,10.85,"+2.0","Barbara Pierre","USA","28.04.87","Des Moines","21.06.2013","Des Moines 21.06.2013"
"1503",1395,11.06,"0.0","LaShauntea Moore","USA","31.07.83","Des Moines","24.04.2010","Des Moines 24.04.2010"
"535",525,10.96,"+1.2","Marie-Jos&eacute; P&eacute;rec","FRA","09.05.68","Dijon","27.07.1991","Dijon 27.07.1991"
"1990",1853,11.09,"+0.8","Barbara Pierre","USA","28.04.87","Donnas","13.07.2014","Donnas 13.07.2014"
"1305",1292,11.05,"+1.1","Andrea Philipp","GER","29.07.71","Dortmund","08.06.1997","Dortmund 08.06.1997"
"916",888,11.01,"+0.8","Merlene Ottey","JAM","10.05.60","Dortmund","26.06.1999","Dortmund 26.06.1999"
"260",258,10.9,"+1.4","Anelia Nuneva","BUL","30.06.62","Dr&aacute;ma","08.08.1987","Dr&aacute;ma 08.08.1987"
"210",210,10.88,"+2.0","Marlies G&ouml;hr","GDR","21.03.58","Dresden","01.07.1977","Dresden 01.07.1977"
"293",293,10.91,"+1.0","Marlies G&ouml;hr","GDR","21.03.58","Dresden","01.07.1982","Dresden 01.07.1982"
"889",888,11.01,"+2.0","Marlies G&ouml;hr","GDR","21.03.58","Dresden","02.08.1985","Dresden 02.08.1985"
"339",333,10.92,"+0.9","Heike Drechsler","GER","16.12.64","Dresden","11.06.1988","Dresden 11.06.1988"
"422",423,10.94,"+1.4","Marlies G&ouml;hr","GDR","21.03.58","Dresden","12.08.1978","Dresden 12.08.1978"
"591",592,10.97,"+0.8","Marlies G&ouml;hr","GDR","21.03.58","Dresden","13.06.1979","Dresden 13.06.1979"
"428",423,10.94,"+1.0","Heike Drechsler","GER","16.12.64","Dresden","16.08.1986","Dresden 16.08.1986"
"1536",1545,11.07,"+1.8","Renate Stecher","GDR","12.05.50","Dresden","20.07.1973","Dresden 20.07.1973"
"377",377,10.93,"+2.0","Marlies G&ouml;hr","GDR","21.03.58","Dresden","24.05.1980","Dresden 24.05.1980"
"187",187,10.87,"+1.9","Marlies G&ouml;hr","GDR","21.03.58","Dresden","26.07.1984","Dresden 26.07.1984"
"304",293,10.91,"+0.7","Merlene Ottey","JAM","10.05.60","Duisburg","12.06.1991","Duisburg 12.06.1991"
"624",592,10.97,"+1.2","Debbie Ferguson-McKenzie","BAH","16.01.76","Durban","11.04.2003","Durban 11.04.2003"
"1618",1545,11.07,"+1.6","Geraldine Pillay","RSA","25.08.77","Durban","16.04.2005","Durban 16.04.2005"
"1835",1696,11.08,"+1.8","Murielle Ahour&eacute;","CIV","23.08.87","Durban","22.06.2016","Durban 22.06.2016"
"801",722,10.99,"+2.0","Murielle Ahour&eacute;","CIV","23.08.87","Durban","23.06.2016","Durban 23.06.2016"
"1604",1545,11.07,"+1.2","Marion Jones","USA","12.10.75","Durham","03.04.1999","Durham 03.04.1999"
"196",187,10.87,"0.0","Gwen Torrence","USA","12.06.65","Durham","13.08.1994","Durham 13.08.1994"
"1404",1395,11.06,"+0.8","Gail Devers","USA","19.11.66","Durham","26.07.1987","Durham 26.07.1987"
"621",592,10.97,"-1.3","Ekater&iacute;ni Th&aacute;nou","GRE","01.02.75","Edmonton","05.08.2001","Edmonton 05.08.2001"
"91",82,10.82,"-0.3","Zhanna Block","UKR","06.07.72","Edmonton","06.08.2001","Edmonton 06.08.2001"
"1369",1292,11.05,"+1.3","Sherri-Ann Brooks","JAM","11.02.83","Edmonton","16.06.2012","Edmonton 16.06.2012"
"913",888,11.01,"0.0","Inger Miller","USA","12.06.72","Edwardsville","25.07.1998","Edwardsville 25.07.1998"
"1117",1084,11.03,"-0.6","Peta-Gaye Dowdie","JAM","18.01.77","El Paso","10.04.1999","El Paso 10.04.1999"
"2018",2,10.7,"+1.3","Blessing Okagbare","NGR","10.09.88","El Paso","10.04.2010","El Paso 10.04.2010"
"231",231,10.89,"+0.7","Marlies G&ouml;hr","GDR","21.03.58","Erfurt","01.06.1984","Erfurt 01.06.1984"
"1843",1853,11.09,"+0.4","Marlies G&ouml;hr","GDR","21.03.58","Erfurt","01.08.1981","Erfurt 01.08.1981"
"525",525,10.96,"+0.9","Marlies G&ouml;hr","GDR","21.03.58","Erfurt","12.05.1984","Erfurt 12.05.1984"
"1139",1084,11.03,"+1.5","Maria Karastam&aacute;ti","GRE","10.12.84","Erfurt","16.07.2005","Erfurt 16.07.2005"
"1106",1084,11.03,"+1.4","D'Andre Hill","USA","19.04.73","Eugene","01.06.1996","Eugene 01.06.1996"
"286",258,10.9,"+1.8","English Gardner","USA","22.04.92","Eugene","02.07.2016","Eugene 02.07.2016"
"44",38,10.78,"+0.8","Veronica Campbell-Brown","JAM","16.05.82","Eugene","03.07.2010","Eugene 03.07.2010"
"24",22,10.74,"+1.0","English Gardner","USA","22.04.92","Eugene","03.07.2016","Eugene 03.07.2016"
"9",7,10.7,"+2.0","Carmelita Jeter","USA","24.11.79","Eugene","04.06.2011","Eugene 04.06.2011"
"578",525,10.96,"+0.9","English Gardner","USA","22.04.92","Eugene","07.06.2013","Eugene 07.06.2013"
"452",423,10.94,"+1.3","Torri Edwards","USA","31.01.77","Eugene","08.06.2008","Eugene 08.06.2008"
"1271",1188,11.04,"+0.6","Morolake Akinosun","USA","17.05.94","Eugene","11.06.2014","Eugene 11.06.2014"
"1176",1084,11.03,"+2.0","Jenna Prandini","USA","20.11.92","Eugene","11.06.2015","Eugene 11.06.2015"
"1336",1292,11.05,"+1.6","Inger Miller","USA","12.06.72","Eugene","19.06.2004","Eugene 19.06.2004"
"1685",1696,11.08,"+2.0","Brenda Morehead","USA","05.10.57","Eugene","21.06.1976","Eugene 21.06.1976"
"1326",1292,11.05,"+0.9","Chryste Gaines","USA","14.09.70","Eugene","22.06.2001","Eugene 22.06.2001"
"203",187,10.87,"+1.6","Marshevet Hooker","USA","25.09.84","Eugene","23.06.2011","Eugene 23.06.2011"
"363",333,10.92,"+0.9","Carmelita Jeter","USA","24.11.79","Eugene","23.06.2012","Eugene 23.06.2012"
"1130",1084,11.03,"+0.7","Chryste Gaines","USA","14.09.70","Eugene","24.05.2003","Eugene 24.05.2003"
"1258",1188,11.04,"+1.6","Alexandra Anderson","USA","28.01.87","Eugene","24.06.2011","Eugene 24.06.2011"
"1606",1545,11.07,"+0.7","Inger Miller","USA","12.06.72","Eugene","25.06.1999","Eugene 25.06.1999"
"876",806,11,"+1.8","Candyce McGrone","USA","24.03.89","Eugene","25.06.2015","Eugene 25.06.2015"
"542",525,10.96,"+1.8","Gwen Torrence","USA","12.06.65","Eugene","26.05.1996","Eugene 26.05.1996"
"842",806,11,"+1.8","Tayna Lawrence","JAM","17.09.75","Eugene","26.05.2002","Eugene 26.05.2002"
"58",51,10.79,"+1.5","English Gardner","USA","22.04.92","Eugene","26.06.2015","Eugene 26.06.2015"
"636",592,10.97,"+0.7","Carmelita Jeter","USA","24.11.79","Eugene","27.06.2008","Eugene 27.06.2008"
"1779",1696,11.08,"+1.4","Torri Edwards","USA","31.01.77","Eugene","28.05.2006","Eugene 28.05.2006"
"81",68,10.81,"+1.5","English Gardner","USA","22.04.92","Eugene","28.05.2016","Eugene 28.05.2016"
"42",38,10.78,"+1.8","Torri Edwards","USA","31.01.77","Eugene","28.06.2008","Eugene 28.06.2008"
"77",68,10.81,"+1.7","Shelly-Ann Fraser-Pryce","JAM","27.12.86","Eugene","30.05.2015","Eugene 30.05.2015"
"1182",1188,11.04,"+0.6","Ingeborg Helten","FRG","31.12.50","F&uuml;rth","13.06.1976","F&uuml;rth 13.06.1976"
"1049",986,11.02,"+1.4","Alexandra Anderson","USA","28.01.87","Fayetteville","10.06.2009","Fayetteville 10.06.2009"
"1142",1084,11.03,"+1.4","Kerron Stewart","JAM","16.04.84","Fayetteville","14.05.2006","Fayetteville 14.05.2006"
"1939",1853,11.09,"+1.3","Christine Arron","FRA","13.09.73","Firenze","18.06.2005","Firenze 18.06.2005"
"1614",1545,11.07,"-1.3","Christine Arron","FRA","13.09.73","Firenze","21.06.2003","Firenze 21.06.2003"
"669",661,10.98,"0.0","Merlene Ottey","JAM","10.05.60","Formia","06.07.1990","Formia 06.07.1990"
"555",525,10.96,"+1.0","Eldece Clarke-Lewis","BAH","13.02.65","Fort-de-France","29.04.2000","Fort-de-France 29.04.2000"
"1385",1395,11.06,"+1.4","Annegret Richter","FRG","13.10.50","Frankfurt","14.08.1976","Frankfurt 14.08.1976"
"758",722,10.99,"+0.8","Christine Arron","FRA","13.09.73","G&eacute;n&egrave;ve","20.06.1998","G&eacute;n&egrave;ve 20.06.1998"
"1105",1084,11.03,"+0.8","Carlette Guidry","USA","04.09.68","G&ouml;teborg","05.08.1995","G&ouml;teborg 05.08.1995"
"1580",1545,11.07,"+0.9","Carlette Guidry","USA","04.09.68","G&ouml;teborg","06.08.1995","G&ouml;teborg 06.08.1995"
"128",123,10.84,"+1.4","Gwen Torrence","USA","12.06.65","G&ouml;teborg","07.08.1995","G&ouml;teborg 07.08.1995"
"1482",1395,11.06,"+1.8","Kim Gevaert","BEL","05.08.78","G&ouml;teborg","09.08.2006","G&ouml;teborg 09.08.2006"
"1893",1853,11.09,"-2.7","Gwen Torrence","USA","12.06.65","G&ouml;teborg","24.08.1994","G&ouml;teborg 24.08.1994"
"655",592,10.97,"-2.5","Michelle-Lee Ahye","TTO","10.04.92","Gainesville","03.04.2015","Gainesville 03.04.2015"
"1987",1853,11.09,"+1.2","Joanna Atkins","USA","31.01.89","Gainesville","04.04.2014","Gainesville 04.04.2014"
"1057",986,11.02,"+1.2","Octavious Freeman","USA","20.04.92","Gainesville","05.04.2013","Gainesville 05.04.2013"
"879",806,11,"+0.4","Simone Facey","JAM","07.05.85","Gainesville","22.04.2016","Gainesville 22.04.2016"
"711",661,10.98,"+0.2","Kelly-Ann Baptiste","TTO","14.10.86","Gainesville","24.04.2015","Gainesville 24.04.2015"
"407",377,10.93,"+1.2","Kelly-Ann Baptiste","TTO","14.10.86","Gateshead","10.07.2010","Gateshead 10.07.2010"
"1480",1395,11.06,"+0.1","Torri Edwards","USA","31.01.77","Gateshead","11.06.2006","Gateshead 11.06.2006"
"1638",1545,11.07,"-0.9","Carmelita Jeter","USA","24.11.79","Gateshead","31.08.2009","Gateshead 31.08.2009"
"1079",1084,11.03,"+2.0","Annegret Richter","FRG","13.10.50","Gelsenkirchen","25.06.1977","Gelsenkirchen 25.06.1977"
"1261",1188,11.04,"+0.2","Carmelita Jeter","USA","24.11.79","George Town","09.05.2012","George Town 09.05.2012"
"517",476,10.95,"+0.4","Carmelita Jeter","USA","24.11.79","Georgetown","08.05.2013","Georgetown 08.05.2013"
"1410",1395,11.06,"+1.0","Evette de Klerk","RSA","21.08.65","Germiston","20.04.1990","Germiston 20.04.1990"
"1593",1545,11.07,"+1.4","Christy Opara","NGR","02.05.70","Gladbeck","23.07.1997","Gladbeck 23.07.1997"
"963",888,11.01,"+0.3","Michelle-Lee Ahye","TTO","10.04.92","Glasgow","12.07.2014","Glasgow 12.07.2014"
"161",141,10.85,"+0.3","Blessing Okagbare","NGR","10.09.88","Glasgow","28.07.2014","Glasgow 28.07.2014"
"1507",1395,11.06,"+1.9","Murielle Ahour&eacute;","CIV","23.08.87","Greensboro","15.05.2011","Greensboro 15.05.2011"
"1819",1696,11.08,"+1.2","Ruddy Zang Milama","GAB","06.06.87","Greensboro","17.05.2015","Greensboro 17.05.2015"
"1965",1853,11.09,"-0.9","Murielle Ahour&eacute;","CIV","23.08.87","Greensboro","30.05.2009","Greensboro 30.05.2009"
"1361",1292,11.05,"+1.7","Yelena Nevmerzhitskaya","BLR","27.07.80","Grodno","27.06.2010","Grodno 27.06.2010"
"1290",1292,11.05,"0.0","Evelyn Ashford","USA","15.04.57","Grosseto","10.08.1986","Grosseto 10.08.1986"
"381",377,10.93,"+1.8","Ewa Kasprzyk","POL","07.09.57","Grudziadz","27.06.1986","Grudziadz 27.06.1986"
"335",333,10.92,"+1.2","Marlies G&ouml;hr","GDR","21.03.58","Halle","11.06.1985","Halle 11.06.1985"
"1873",1853,11.09,"+1.2","Evelyn Ashford","USA","15.04.57","Hamamatsu","13.05.1990","Hamamatsu 13.05.1990"
"1922",1853,11.09,"-0.8","Marina Kislova","RUS","07.02.78","Hani&aacute;","04.06.2001","Hani&aacute; 04.06.2001"
"391",377,10.93,"+1.3","Ekater&iacute;ni Th&aacute;nou","GRE","01.02.75","Hani&aacute;","14.06.2000","Hani&aacute; 14.06.2000"
"1321",1292,11.05,"+1.6","Zhanna Block","UKR","06.07.72","Hani&aacute;","28.07.1999","Hani&aacute; 28.07.1999"
"1203",1188,11.04,"+1.3","Ludmila Engquist","RUS","21.04.64","Hani&aacute;","31.05.1992","Hani&aacute; 31.05.1992"
"305",293,10.91,"+0.5","Katrin Krabbe","GER","22.11.69","Hannover","27.07.1991","Hannover 27.07.1991"
"761",722,10.99,"+0.3","Merlene Ottey","JAM","10.05.60","Hechtel","07.08.1999","Hechtel 07.08.1999"
"1307",1292,11.05,"+0.4","Merlene Ottey","JAM","10.05.60","Hechtel","19.07.1997","Hechtel 19.07.1997"
"906",888,11.01,"+0.9","Zhanna Block","UKR","06.07.72","Helsinki","07.08.1994","Helsinki 07.08.1994"
"1140",1084,11.03,"-0.8","Christine Arron","FRA","13.09.73","Helsinki","07.08.2005","Helsinki 07.08.2005"
"595",592,10.97,"-0.5","Marlies G&ouml;hr","GDR","21.03.58","Helsinki","08.08.1983","Helsinki 08.08.1983"
"1009",986,11.02,"+0.6","Irina Privalova","RUS","12.11.68","Helsinki","08.08.1994","Helsinki 08.08.1994"
"400",377,10.93,"+1.3","Lauryn Williams","USA","11.09.83","Helsinki","08.08.2005","Helsinki 08.08.2005"
"170",163,10.86,"-0.2","Marion Jones","USA","12.10.75","Helsinki","13.06.1998","Helsinki 13.06.1998"
"1537",1545,11.07,"+1.0","Marlies G&ouml;hr","GDR","21.03.58","Helsinki","13.08.1977","Helsinki 13.08.1977"
"901",888,11.01,"+0.2","Irina Privalova","RUS","12.11.68","Helsinki","27.06.1991","Helsinki 27.06.1991"
"1510",1395,11.06,"+1.7","Ivet Lalova-Collio","BUL","18.05.84","Helsinki","27.06.2012","Helsinki 27.06.2012"
"1008",986,11.02,"+0.1","Merlene Ottey","JAM","10.05.60","Helsinki","29.06.1994","Helsinki 29.06.1994"
"823",806,11,"+1.6","Merlene Ottey","JAM","10.05.60","Hengelo","05.06.1995","Hengelo 05.06.1995"
"602",592,10.97,"+0.9","Merlene Ottey","JAM","10.05.60","Hengelo","12.08.1990","Hengelo 12.08.1990"
"468",423,10.94,"+1.8","Dafne Schippers","NED","15.06.92","Hengelo","24.05.2015","Hengelo 24.05.2015"
"1363",1292,11.05,"+1.7","Schillonie Calvert","JAM","27.07.88","Hengelo","29.05.2011","Hengelo 29.05.2011"
"331",293,10.91,"+1.2","Tori Bowie","USA","27.08.90","Herzogenaurach","14.05.2016","Herzogenaurach 14.05.2016"
"111",98,10.83,"+0.4","Zhanna Block","UKR","06.07.72","Heusden-Zolder","20.07.2002","Heusden-Zolder 20.07.2002"
"1144",1084,11.03,"+1.5","LaTasha Jenkins","USA","19.12.77","Heusden-Zolder","22.07.2006","Heusden-Zolder 22.07.2006"
"1856",1853,11.09,"0.0","Evelyn Ashford","USA","15.04.57","Houston","03.08.1986","Houston 03.08.1986"
"303",293,10.91,"+1.6","Dawn Sowell","USA","27.03.66","Houston","16.06.1989","Houston 16.06.1989"
"348",333,10.92,"+0.1","Marion Jones","USA","12.10.75","Indianapolis","12.06.1997","Indianapolis 12.06.1997"
"610",592,10.97,"-1.1","Marion Jones","USA","12.10.75","Indianapolis","13.06.1997","Indianapolis 13.06.1997"
"426",423,10.94,"+1.6","Merlene Ottey","JAM","10.05.60","Indianapolis","15.06.1985","Indianapolis 15.06.1985"
"1",1,10.49,"0.0","Florence Griffith-Joyner","USA","21.12.59","Indianapolis","16.07.1988","Indianapolis 16.07.1988"
"810",806,11,"-0.3","Diane Williams","USA","14.12.60","Indianapolis","17.06.1983","Indianapolis 17.06.1983"
"2",2,10.61,"+1.2","Florence Griffith-Joyner","USA","21.12.59","Indianapolis","17.07.1988","Indianapolis 17.07.1988"
"1185",1188,11.04,"-0.5","Evelyn Ashford","USA","15.04.57","Indianapolis","18.06.1983","Indianapolis 18.06.1983"
"935",888,11.01,"+0.6","Torri Edwards","USA","31.01.77","Indianapolis","21.06.2007","Indianapolis 21.06.2007"
"1040",986,11.02,"-0.9","Torri Edwards","USA","31.01.77","Indianapolis","22.06.2007","Indianapolis 22.06.2007"
"1183",1188,11.04,"+1.8","Evelyn Ashford","USA","15.04.57","Indianapolis","25.07.1982","Indianapolis 25.07.1982"
"1474",1395,11.06,"-0.4","Yuliya Nesterenko","BLR","15.06.79","Ir&aacute;klio","04.07.2004","Ir&aacute;klio 04.07.2004"
"1554",1545,11.07,"+1.3","Merlene Ottey","JAM","10.05.60","Irvine","14.06.1987","Irvine 14.06.1987"
"1018",986,11.02,"+1.2","Merlene Ottey","JAM","10.05.60","Istanbul","30.05.1998","Istanbul 30.05.1998"
"1800",1696,11.08,"+1.5","Ivet Lalova-Collio","BUL","18.05.84","Izmir","21.05.2011","Izmir 21.05.2011"
"1169",1084,11.03,"+1.7","Remona Burchell","JAM","15.09.91","Jacksonville","30.05.2014","Jacksonville 30.05.2014"
"918",888,11.01,"+1.3","Myriam Mani","CMR","21.05.77","Jena","03.06.2000","Jena 03.06.2000"
"1887",1853,11.09,"+0.1","Merlene Ottey","JAM","10.05.60","Jena","13.06.1993","Jena 13.06.1993"
"807",806,11,"+0.8","Marlies G&ouml;hr","GDR","21.03.58","Jena","17.05.1980","Jena 17.05.1980"
"526",525,10.96,"+0.8","Silke M&ouml;ller","GER","20.06.64","Jena","27.06.1986","Jena 27.06.1986"
"1084",1084,11.03,"-0.9","Marlies G&ouml;hr","GDR","21.03.58","Jena","28.05.1983","Jena 28.05.1983"
"1573",1545,11.07,"-0.2","Evelyn Ashford","USA","15.04.57","Jena","28.05.1992","Jena 28.05.1992"
"724",722,10.99,"+1.9","B&auml;rbel W&ouml;ckel","GDR","21.03.55","Jena","29.05.1982","Jena 29.05.1982"
"5",5,10.65,"+1.1","Marion Jones","USA","12.10.75","Johannesburg","12.09.1998","Johannesburg 12.09.1998"
"1122",1084,11.03,"+0.2","Mercy Nku","NGR","17.07.76","Johannesburg","15.09.1999","Johannesburg 15.09.1999"
"908",888,11.01,"+1.2","Irina Privalova","RUS","12.11.68","Johannesburg","23.09.1995","Johannesburg 23.09.1995"
"1205",1188,11.04,"-0.1","Gwen Torrence","USA","12.06.65","K&ouml;ln","01.08.1993","K&ouml;ln 01.08.1993"
"603",592,10.97,"-0.1","Gwen Torrence","USA","12.06.65","K&ouml;ln","08.09.1991","K&ouml;ln 08.09.1991"
"385",377,10.93,"0.0","Merlene Ottey","JAM","10.05.60","K&ouml;ln","16.08.1987","K&ouml;ln 16.08.1987"
"682",661,10.98,"+0.2","Merlene Ottey","JAM","10.05.60","K&ouml;ln","16.08.1996","K&ouml;ln 16.08.1996"
"1429",1395,11.06,"+0.6","Melanie Paschke","GER","29.06.70","K&ouml;ln","21.06.1996","K&ouml;ln 21.06.1996"
"487",476,10.95,"-0.1","Gwen Torrence","USA","12.06.65","K&ouml;ln","21.08.1994","K&ouml;ln 21.08.1994"
"984",986,11.02,"+0.8","Evelyn Ashford","USA","15.04.57","K&ouml;ln","23.08.1981","K&ouml;ln 23.08.1981"
"1948",1853,11.09,"+1.7","LaTasha Jenkins","USA","19.12.77","Kalam&aacute;ta","03.06.2006","Kalam&aacute;ta 03.06.2006"
"309",293,10.91,"+1.6","Ekater&iacute;ni Th&aacute;nou","GRE","01.02.75","Kalam&aacute;ta","22.05.1999","Kalam&aacute;ta 22.05.1999"
"211",210,10.88,"+1.9","Marlies G&ouml;hr","GDR","21.03.58","Karl-Marx-Stadt","06.07.1982","Karl-Marx-Stadt 06.07.1982"
"809",806,11,"+1.9","B&auml;rbel W&ouml;ckel","GDR","21.03.55","Karl-Marx-Stadt","09.07.1982","Karl-Marx-Stadt 09.07.1982"
"1287",1292,11.05,"+1.4","Marlies G&ouml;hr","GDR","21.03.58","Karl-Marx-Stadt","10.06.1979","Karl-Marx-Stadt 10.06.1979"
"1840",1853,11.09,"-0.4","Marlies G&ouml;hr","GDR","21.03.58","Karl-Marx-Stadt","10.08.1979","Karl-Marx-Stadt 10.08.1979"
"259",258,10.9,"+1.1","Marlies G&ouml;hr","GDR","21.03.58","Karl-Marx-Stadt","16.06.1983","Karl-Marx-Stadt 16.06.1983"
"999",986,11.02,"+0.4","Katrin Krabbe","GER","22.11.69","Karl-Marx-Stadt","16.06.1990","Karl-Marx-Stadt 16.06.1990"
"1555",1545,11.07,"-0.5","Marlies G&ouml;hr","GDR","21.03.58","Karl-Marx-Stadt","20.06.1987","Karl-Marx-Stadt 20.06.1987"
"1605",1545,11.07,"0.0","Merlene Ottey","JAM","10.05.60","Kassel","23.06.1999","Kassel 23.06.1999"
"1895",1853,11.09,"+0.4","Zhanna Block","UKR","06.07.72","Kiev","12.06.1995","Kiev 12.06.1995"
"2014",1,10.6,"0.0","Zhanna Block","UKR","06.07.72","Kiev","12.06.1997","Kiev 12.06.1997"
"1712",1696,11.08,"0.0","Maya Azarashvili","GEO","06.04.64","Kiev","14.08.1988","Kiev 14.08.1988"
"1301",1292,11.05,"+0.1","Irina Slyusar","UKR","19.03.63","Kiev","15.07.1992","Kiev 15.07.1992"
"1847",1853,11.09,"+1.1","Lyudmila Kondratyeva","RUS","11.04.58","Kiev","21.06.1984","Kiev 21.06.1984"
"821",806,11,"+0.5","Zhanna Block","UKR","06.07.72","Kiev","28.05.1994","Kiev 28.05.1994"
"457",423,10.94,"+1.4","Carmelita Jeter","USA","24.11.79","Kingston","01.05.2010","Kingston 01.05.2010"
"11",7,10.7,"+0.3","Elaine Thompson","JAM","28.06.92","Kingston","01.07.2016","Kingston 01.07.2016"
"357",333,10.92,"+1.2","Kerron Stewart","JAM","16.04.84","Kingston","02.05.2009","Kingston 02.05.2009"
"818",806,11,"+1.1","Merlene Ottey","JAM","10.05.60","Kingston","02.07.1993","Kingston 02.07.1993"
"567",525,10.96,"+0.9","Kerron Stewart","JAM","16.04.84","Kingston","03.05.2008","Kingston 03.05.2008"
"957",888,11.01,"0.0","Veronica Campbell-Brown","JAM","16.05.82","Kingston","04.05.2013","Kingston 04.05.2013"
"2015",2,10.7,"+1.1","Juliet Cuthbert","JAM","09.04.64","Kingston","04.07.1992","Kingston 04.07.1992"
"1624",1545,11.07,"+1.6","Veronica Campbell-Brown","JAM","16.05.82","Kingston","05.05.2007","Kingston 05.05.2007"
"74",68,10.81,"+1.0","Carmelita Jeter","USA","24.11.79","Kingston","05.05.2012","Kingston 05.05.2012"
"1135",1084,11.03,"+0.8","Sherone Simpson","JAM","12.08.84","Kingston","07.05.2005","Kingston 07.05.2005"
"176",163,10.86,"+1.9","Carmelita Jeter","USA","24.11.79","Kingston","07.05.2011","Kingston 07.05.2011"
"1671",1545,11.07,"0.0","Elaine Thompson","JAM","28.06.92","Kingston","09.04.2016","Kingston 09.04.2016"
"656",592,10.97,"+0.2","Elaine Thompson","JAM","28.06.92","Kingston","09.05.2015","Kingston 09.05.2015"
"369",333,10.92,"+1.0","Elaine Thompson","JAM","28.06.92","Kingston","11.04.2015","Kingston 11.04.2015"
"2006",1853,11.09,"+0.6","Shelly-Ann Fraser-Pryce","JAM","27.12.86","Kingston","11.06.2016","Kingston 11.06.2016"
"1650",1545,11.07,"-0.5","Carrie Russel","JAM","18.10.90","Kingston","13.04.2013","Kingston 13.04.2013"
"1309",1292,11.05,"+0.4","Inger Miller","USA","12.06.72","Kingston","19.09.1997","Kingston 19.09.1997"
"549",525,10.96,"+1.4","Merlene Ottey","JAM","10.05.60","Kingston","20.06.1997","Kingston 20.06.1997"
"1763",1696,11.08,"+0.4","Aleen Bailey","JAM","25.11.80","Kingston","20.06.2003","Kingston 20.06.2003"
"1919",1853,11.09,"+1.1","Merlene Ottey","JAM","10.05.60","Kingston","20.07.2000","Kingston 20.07.2000"
"1673",1545,11.07,"+0.6","Christania Williams","JAM","17.10.94","Kingston","21.05.2016","Kingston 21.05.2016"
"924",888,11.01,"-0.2","Veronica Campbell-Brown","JAM","16.05.82","Kingston","21.06.2002","Kingston 21.06.2002"
"579",525,10.96,"+0.9","Kerron Stewart","JAM","16.04.84","Kingston","21.06.2013","Kingston 21.06.2013"
"249",231,10.89,"+1.0","Veronica Campbell-Brown","JAM","16.05.82","Kingston","23.06.2007","Kingston 23.06.2007"
"92",82,10.82,"-0.7","Sherone Simpson","JAM","12.08.84","Kingston","24.06.2006","Kingston 24.06.2006"
"137",123,10.84,"+0.3","Veronica Campbell-Brown","JAM","16.05.82","Kingston","24.06.2011","Kingston 24.06.2011"
"629",592,10.97,"+0.4","Veronica Campbell-Brown","JAM","16.05.82","Kingston","25.06.2005","Kingston 25.06.2005"
"1473",1395,11.06,"-1.2","Veronica Campbell-Brown","JAM","16.05.82","Kingston","26.06.2004","Kingston 26.06.2004"
"59",51,10.79,"+0.4","Shelly-Ann Fraser-Pryce","JAM","27.12.86","Kingston","26.06.2015","Kingston 26.06.2015"
"779",722,10.99,"+0.6","Kerron Stewart","JAM","16.04.84","Kingston","27.06.2008","Kingston 27.06.2008"
"224",210,10.88,"-1.5","Shelly-Ann Fraser-Pryce","JAM","27.12.86","Kingston","27.06.2009","Kingston 27.06.2009"
"581",525,10.96,"-0.4","Veronica Campbell-Brown","JAM","16.05.82","Kingston","27.06.2014","Kingston 27.06.2014"
"432",423,10.94,"+1.7","Merlene Ottey","JAM","10.05.60","Kingston","28.06.1991","Kingston 28.06.1991"
"1107",1084,11.03,"+0.3","Merlene Ottey","JAM","10.05.60","Kingston","28.06.1996","Kingston 28.06.1996"
"64",60,10.8,"+0.7","Kerron Stewart","JAM","16.04.84","Kingston","28.06.2008","Kingston 28.06.2008"
"10",7,10.7,"+0.6","Shelly-Ann Fraser-Pryce","JAM","27.12.86","Kingston","29.06.2012","Kingston 29.06.2012"
"2000",1853,11.09,"+1.1","Nataliya Pogrebnyak","UKR","19.02.88","Kirovohrad","30.07.2015","Kirovohrad 30.07.2015"
"524",525,10.96,"-1.3","Evelyn Ashford","USA","15.04.57","Knoxville","19.06.1982","Knoxville 19.06.1982"
"1193",1188,11.04,"+0.9","Gwen Torrence","USA","12.06.65","Knoxville","22.05.1988","Knoxville 22.05.1988"
"990",986,11.02,"0.0","Alice Brown","USA","20.09.60","Koblenz","28.08.1985","Koblenz 28.08.1985"
"1695",1696,11.08,"+0.9","Valerie Brisco","USA","06.07.60","Koblenz","29.08.1984","Koblenz 29.08.1984"
"529",525,10.96,"+0.4","Anelia Nuneva","BUL","30.06.62","Kvarnsveden","19.06.1988","Kvarnsveden 19.06.1988"
"764",722,10.99,"+1.2","Mary Onyali","NGR","03.02.68","La Chaux-de-Fonds","13.08.2000","La Chaux-de-Fonds 13.08.2000"
"270",258,10.9,"+1.4","Glory Alozie","NGR","30.12.77","La Laguna","05.06.1999","La Laguna 05.06.1999"
"1716",1696,11.08,"+0.3","Beatrice Utondu","NGR","23.11.69","Lagos","02.08.1991","Lagos 02.08.1991"
"126",123,10.84,"+1.3","Chioma Ajunwa","NGR","25.12.70","Lagos","11.04.1992","Lagos 11.04.1992"
"243",231,10.89,"+0.5","Gail Devers","USA","19.11.66","Lausanne","02.07.1997","Lausanne 02.07.1997"
"62",60,10.8,"+1.1","Marion Jones","USA","12.10.75","Lausanne","02.07.1999","Lausanne 02.07.1999"
"1152",1084,11.03,"+0.2","Shelly-Ann Fraser-Pryce","JAM","27.12.86","Lausanne","02.09.2008","Lausanne 02.09.2008"
"608",592,10.97,"-0.3","Gwen Torrence","USA","12.06.65","Lausanne","03.07.1996","Lausanne 03.07.1996"
"709",661,10.98,"-0.3","Michelle-Lee Ahye","TTO","10.04.92","Lausanne","03.07.2014","Lausanne 03.07.2014"
"1327",1292,11.05,"-1.5","Chandra Sturrup","BAH","12.09.71","Lausanne","04.07.2001","Lausanne 04.07.2001"
"1985",1853,11.09,"+1.5","Dafne Schippers","NED","15.06.92","Lausanne","04.07.2013","Lausanne 04.07.2013"
"342",333,10.92,"+1.9","Merlene Ottey","JAM","10.05.60","Lausanne","05.07.1995","Lausanne 05.07.1995"
"312",293,10.91,"+0.9","Ekater&iacute;ni Th&aacute;nou","GRE","01.02.75","Lausanne","05.07.2000","Lausanne 05.07.2000"
"134",123,10.84,"+1.9","Chandra Sturrup","BAH","12.09.71","Lausanne","05.07.2005","Lausanne 05.07.2005"
"34",34,10.77,"+0.9","Irina Privalova","RUS","12.11.68","Lausanne","06.07.1994","Lausanne 06.07.1994"
"930",888,11.01,"+0.6","Christine Arron","FRA","13.09.73","Lausanne","06.07.2004","Lausanne 06.07.2004"
"85",82,10.82,"+1.5","Gail Devers","USA","19.11.66","Lausanne","07.07.1993","Lausanne 07.07.1993"
"1153",1084,11.03,"0.0","Shelly-Ann Fraser-Pryce","JAM","27.12.86","Lausanne","07.07.2009","Lausanne 07.07.2009"
"785",722,10.99,"-0.6","Carmelita Jeter","USA","24.11.79","Lausanne","08.07.2010","Lausanne 08.07.2010"
"124",123,10.84,"0.0","Merlene Ottey","JAM","10.05.60","Lausanne","10.07.1991","Lausanne 10.07.1991"
"848",806,11,"0.0","Torri Edwards","USA","31.01.77","Lausanne","10.07.2007","Lausanne 10.07.2007"
"1143",1084,11.03,"+1.1","Me'Lisa Barber","USA","04.10.80","Lausanne","11.07.2006","Lausanne 11.07.2006"
"600",592,10.97,"+0.8","Merlene Ottey","JAM","10.05.60","Lausanne","15.09.1987","Lausanne 15.09.1987"
"179",163,10.86,"-0.1","Carmelita Jeter","USA","24.11.79","Lausanne","23.08.2012","Lausanne 23.08.2012"
"18",16,10.72,"0.0","Marion Jones","USA","12.10.75","Lausanne","25.08.1998","Lausanne 25.08.1998"
"50",38,10.78,"+0.8","Elaine Thompson","JAM","28.06.92","Lausanne","25.08.2016","Lausanne 25.08.2016"
"743",722,10.99,"+0.1","Dawn Sowell","USA","27.03.66","Lausanne","27.06.1989","Lausanne 27.06.1989"
"1242",1188,11.04,"+1.1","Allyson Felix","USA","18.11.85","Lawrence","22.04.2006","Lawrence 22.04.2006"
"427",423,10.94,"-0.3","Marlies G&ouml;hr","GDR","21.03.58","Leipzig","09.08.1985","Leipzig 09.08.1985"
"1546",1545,11.07,"-1.2","Marlies G&ouml;hr","GDR","21.03.58","Leipzig","27.07.1983","Leipzig 27.07.1983"
"1548",1545,11.07,"-1.0","Marina Zhirova","RUS","06.06.63","Leningrad","02.08.1985","Leningrad 02.08.1985"
"1854",1853,11.09,"-1.4","Irina Slyusar","UKR","19.03.63","Leningrad","07.06.1986","Leningrad 07.06.1986"
"1561",1545,11.07,"+1.8","Galina Malchugina","RUS","17.12.62","Leningrad","11.06.1988","Leningrad 11.06.1988"
"1544",1545,11.07,"+0.5","Merlene Ottey","JAM","10.05.60","Lincoln","06.05.1983","Lincoln 06.05.1983"
"241",231,10.89,"+0.4","Gwen Torrence","USA","12.06.65","Linz","04.07.1994","Linz 04.07.1994"
"130",123,10.84,"+0.3","Marion Jones","USA","12.10.75","Linz","05.07.1998","Linz 05.07.1998"
"1439",1395,11.06,"+0.6","Gail Devers","USA","19.11.66","Linz","09.07.1997","Linz 09.07.1997"
"347",333,10.92,"+0.4","Gail Devers","USA","19.11.66","Linz","21.08.1996","Linz 21.08.1996"
"825",806,11,"-0.2","Merlene Ottey","JAM","10.05.60","Linz","22.08.1995","Linz 22.08.1995"
"932",888,11.01,"+0.3","Chandra Sturrup","BAH","12.09.71","Linz","23.08.2005","Linz 23.08.2005"
"1452",1395,11.06,"-0.2","Inger Miller","USA","12.06.72","Linz","26.07.1999","Linz 26.07.1999"
"841",806,11,"+1.3","Merlene Ottey","JAM","10.05.60","Ljubljana","14.08.2000","Ljubljana 14.08.2000"
"115",98,10.83,"+1.5","Carmelita Jeter","USA","24.11.79","London","03.08.2012","London 03.08.2012"
"28",25,10.75,"+1.5","Shelly-Ann Fraser-Pryce","JAM","27.12.86","London","04.08.2012","London 04.08.2012"
"41",38,10.78,"+1.1","Marion Jones","USA","12.10.75","London","05.08.2000","London 05.08.2000"
"408",377,10.93,"-0.4","Carmelita Jeter","USA","24.11.79","London","06.08.2011","London 06.08.2011"
"63",60,10.8,"+1.4","Marion Jones","USA","12.10.75","London","07.08.1999","London 07.08.1999"
"771",722,10.99,"+1.3","Chryste Gaines","USA","14.09.70","London","08.08.2003","London 08.08.2003"
"1100",1084,11.03,"-0.4","Gwen Torrence","USA","12.06.65","London","10.09.1993","London 10.09.1993"
"998",986,11.02,"+0.2","Merlene Ottey","JAM","10.05.60","London","14.07.1989","London 14.07.1989"
"409",377,10.93,"+1.4","Shelly-Ann Fraser-Pryce","JAM","27.12.86","London","14.07.2012","London 14.07.2012"
"787",722,10.99,"+1.1","Marshevet Hooker","USA","25.09.84","London","14.08.2010","London 14.08.2010"
"587",525,10.96,"-1.3","Marie-Jos&eacute;e Ta Lou","CIV","18.11.88","London","23.07.2016","London 23.07.2016"
"358",333,10.92,"-0.1","Carmelita Jeter","USA","24.11.79","London","25.07.2009","London 25.07.2009"
"374",333,10.92,"+0.1","Dafne Schippers","NED","15.06.92","London","25.07.2015","London 25.07.2015"
"201",187,10.87,"0.0","Veronica Campbell-Brown","JAM","16.05.82","London","26.07.2008","London 26.07.2008"
"37",34,10.77,"+0.7","Shelly-Ann Fraser-Pryce","JAM","27.12.86","London","27.07.2013","London 27.07.2013"
"847",806,11,"-1.2","Sherone Simpson","JAM","12.08.84","London","28.07.2006","London 28.07.2006"
"1209",1188,11.04,"+1.9","Gail Devers","USA","19.11.66","Long Beach","15.07.1995","Long Beach 15.07.1995"
"1395",1395,11.06,"+1.4","Evelyn Ashford","USA","15.04.57","Los Angeles","04.08.1984","Los Angeles 04.08.1984"
"596",592,10.97,"-1.2","Evelyn Ashford","USA","15.04.57","Los Angeles","05.08.1984","Los Angeles 05.08.1984"
"380",377,10.93,"+1.1","Merlene Ottey","JAM","10.05.60","Los Angeles","08.06.1985","Los Angeles 08.06.1985"
"1691",1696,11.08,"+1.3","Alice Brown","USA","20.09.60","Los Angeles","25.06.1983","Los Angeles 25.06.1983"
"1352",1292,11.05,"+2.0","Montell Douglas","GBR","24.01.86","Loughborough","17.07.2008","Loughborough 17.07.2008"
"1982",1853,11.09,"+1.9","Cierra White","USA","29.04.93","Lubbock","25.04.2013","Lubbock 25.04.2013"
"1312",1292,11.05,"-0.6","Zhanna Block","UKR","06.07.72","Luzern","02.07.1998","Luzern 02.07.1998"
"616",592,10.97,"+1.0","Merlene Ottey","JAM","10.05.60","Luzern","05.07.1999","Luzern 05.07.1999"
"1294",1292,11.05,"+0.9","Merlene Ottey","JAM","10.05.60","Luzern","11.06.1988","Luzern 11.06.1988"
"1992",1853,11.09,"-0.7","Michelle-Lee Ahye","TTO","10.04.92","Luzern","15.07.2014","Luzern 15.07.2014"
"1491",1395,11.06,"+1.9","Chandra Sturrup","BAH","12.09.71","Luzern","16.07.2008","Luzern 16.07.2008"
"1297",1292,11.05,"+2.0","Dawn Sowell","USA","27.03.66","Luzern","24.06.1989","Luzern 24.06.1989"
"1732",1696,11.08,"-0.7","Zhanna Block","UKR","06.07.72","Luzern","24.06.1997","Luzern 24.06.1997"
"315",293,10.91,"-0.1","Zhanna Block","UKR","06.07.72","Luzern","26.06.2002","Luzern 26.06.2002"
"907",888,11.01,"+2.0","Zhanna Block","UKR","06.07.72","Luzern","27.06.1995","Luzern 27.06.1995"
"1304",1292,11.05,"+1.1","Gwen Torrence","USA","12.06.65","Luzern","29.06.1994","Luzern 29.06.1994"
"1535",1545,11.07,"-0.2","Renate Stecher","GDR","12.05.50","M&uuml;nchen","02.09.1972","M&uuml;nchen 02.09.1972"
"1613",1545,11.07,"+0.3","Ekater&iacute;ni Th&aacute;nou","GRE","01.02.75","M&uuml;nchen","06.08.2002","M&uuml;nchen 06.08.2002"
"1331",1292,11.05,"+0.3","Ekater&iacute;ni Th&aacute;nou","GRE","01.02.75","M&uuml;nchen","07.08.2002","M&uuml;nchen 07.08.2002"
"1011",986,11.02,"0.0","Irina Privalova","RUS","12.11.68","Madrid","06.09.1994","Madrid 06.09.1994"
"1411",1395,11.06,"-0.2","Merlene Ottey","JAM","10.05.60","Madrid","09.06.1990","Madrid 09.06.1990"
"284",258,10.9,"+1.0","Elaine Thompson","JAM","28.06.92","Madrid","11.07.2015","Madrid 11.07.2015"
"1582",1545,11.07,"-0.2","Merlene Ottey","JAM","10.05.60","Madrid","12.06.1996","Madrid 12.06.1996"
"367",333,10.92,"+1.5","Barbara Pierre","USA","28.04.87","Madrid","13.07.2013","Madrid 13.07.2013"
"1468",1395,11.06,"-0.3","Tayna Lawrence","JAM","17.09.75","Madrid","20.09.2002","Madrid 20.09.2002"
"197",187,10.87,"-0.3","Marion Jones","USA","12.10.75","Malm&ouml;","03.08.1998","Malm&ouml; 03.08.1998"
"1415",1395,11.06,"+0.9","Irina Privalova","RUS","12.11.68","Malm&ouml;","05.08.1991","Malm&ouml; 05.08.1991"
"1199",1188,11.04,"+0.8","Merlene Ottey","JAM","10.05.60","Malm&ouml;","07.08.1990","Malm&ouml; 07.08.1990"
"317",293,10.91,"+1.5","Debbie Ferguson-McKenzie","BAH","16.01.76","Manchester","27.07.2002","Manchester 27.07.2002"
"950",888,11.01,"+1.9","Ashley Collier","USA","04.02.92","Manhattan","13.05.2012","Manhattan 13.05.2012"
"882",806,11,"+1.2","Tatjana Pinto","GER","02.07.92","Mannheim","29.07.2016","Mannheim 29.07.2016"
"640",592,10.97,"+1.2","LaShauntea Moore","USA","31.07.83","Maring&aacute;","30.05.2010","Maring&aacute; 30.05.2010"
"873",806,11,"-1.4","Blessing Okagbare","NGR","10.09.88","Marrakech","11.08.2014","Marrakech 11.08.2014"
"1817",1696,11.08,"-1.5","Veronica Campbell-Brown","JAM","16.05.82","Marrakech","13.09.2014","Marrakech 13.09.2014"
"910",888,11.01,"-0.9","Marion Jones","USA","12.10.75","Melbourne","25.02.1998","Melbourne 25.02.1998"
"22",22,10.74,"+1.3","Merlene Ottey","JAM","10.05.60","Milano","07.09.1996","Milano 07.09.1996"
"1332",1292,11.05,"+1.7","Natalya Safronnikova","BLR","28.02.73","Minsk","28.06.2003","Minsk 28.06.2003"
"1448",1395,11.06,"-0.4","Inger Miller","USA","12.06.72","Modesto","08.05.1999","Modesto 08.05.1999"
"425",423,10.94,"+0.6","Merlene Ottey","JAM","10.05.60","Modesto","11.05.1985","Modesto 11.05.1985"
"1915",1853,11.09,"+0.7","Inger Miller","USA","12.06.72","Modesto","13.05.2000","Modesto 13.05.2000"
"1121",1084,11.03,"+1.0","Philomina Mensah","CAN","11.05.75","Monachil","10.08.1999","Monachil 10.08.1999"
"1198",1188,11.04,"-0.2","Merlene Ottey","JAM","10.05.60","Monaco","01.09.1989","Monaco 01.09.1989"
"195",187,10.87,"0.0","Gwen Torrence","USA","12.06.65","Monaco","02.08.1994","Monaco 02.08.1994"
"263",258,10.9,"-0.6","Merlene Ottey","JAM","10.05.60","Monaco","07.08.1993","Monaco 07.08.1993"
"17",16,10.72,"0.0","Marion Jones","USA","12.10.75","Monaco","08.08.1998","Monaco 08.08.1998"
"354",333,10.92,"-0.2","Veronica Campbell-Brown","JAM","16.05.82","Monaco","09.09.2005","Monaco 09.09.2005"
"346",333,10.92,"+1.0","Gwen Torrence","USA","12.06.65","Monaco","10.08.1996","Monaco 10.08.1996"
"313",293,10.91,"-0.3","Inger Miller","USA","12.06.72","Monaco","10.08.2000","Monaco 10.08.2000"
"1412",1395,11.06,"+1.3","Sheila Echols","USA","02.10.64","Monaco","12.08.1990","Monaco 12.08.1990"
"174",163,10.86,"+1.2","Chryste Gaines","USA","14.09.70","Monaco","14.09.2003","Monaco 14.09.2003"
"472",423,10.94,"-0.5","Dafne Schippers","NED","15.06.92","Monaco","15.07.2016","Monaco 15.07.2016"
"736",722,10.99,"-1.0","Merlene Ottey","JAM","10.05.60","Monaco","17.09.1987","Monaco 17.09.1987"
"65",60,10.8,"+0.8","Tori Bowie","USA","27.08.90","Monaco","18.07.2014","Monaco 18.07.2014"
"1231",1188,11.04,"0.0","Pauline Davis-Thompson","BAH","09.07.66","Monaco","18.08.2000","Monaco 18.08.2000"
"501",476,10.95,"+0.3","Tayna Lawrence","JAM","17.09.75","Monaco","19.07.2002","Monaco 19.07.2002"
"318",293,10.91,"0.0","Veronica Campbell-Brown","JAM","16.05.82","Monaco","19.09.2004","Monaco 19.09.2004"
"691",661,10.98,"+0.1","Chryste Gaines","USA","14.09.70","Monaco","20.07.2001","Monaco 20.07.2001"
"576",525,10.96,"0.0","Blessing Okagbare","NGR","10.09.88","Monaco","20.07.2012","Monaco 20.07.2012"
"94",82,10.82,"+0.4","Carmelita Jeter","USA","24.11.79","Monaco","22.07.2010","Monaco 22.07.2010"
"1486",1395,11.06,"+0.6","Christine Arron","FRA","13.09.73","Monaco","25.07.2007","Monaco 25.07.2007"
"323",293,10.91,"0.0","Shelly-Ann Fraser-Pryce","JAM","27.12.86","Monaco","28.07.2009","Monaco 28.07.2009"
"453",423,10.94,"-0.7","Kerron Stewart","JAM","16.04.84","Monaco","29.07.2008","Monaco 29.07.2008"
"150",141,10.85,"+1.5","Christine Arron","FRA","13.09.73","Montauban","05.08.1998","Montauban 05.08.1998"
"1745",1696,11.08,"-0.9","Christine Arron","FRA","13.09.73","Montauban","07.08.1999","Montauban 07.08.1999"
"1110",1084,11.03,"+0.4","Christine Arron","FRA","13.09.73","Montauban","22.07.1997","Montauban 22.07.1997"
"1738",1696,11.08,"+1.4","Philomina Mensah","CAN","11.05.75","Montr&eacute;al","01.08.1998","Montr&eacute;al 01.08.1998"
"1285",1292,11.05,"+1.1","Annegret Richter","FRG","13.10.50","Montr&eacute;al","24.07.1976","Montr&eacute;al 24.07.1976"
"885",888,11.01,"+0.6","Annegret Richter","FRG","13.10.50","Montr&eacute;al","25.07.1976","Montr&eacute;al 25.07.1976"
"1386",1395,11.06,"-0.9","Evelyn Ashford","USA","15.04.57","Montr&eacute;al","25.08.1979","Montr&eacute;al 25.08.1979"
"182",163,10.86,"+2.0","Veronica Campbell-Brown","JAM","16.05.82","Montverde","07.06.2014","Montverde 07.06.2014"
"47",38,10.78,"+1.6","Murielle Ahour&eacute;","CIV","23.08.87","Montverde","11.06.2016","Montverde 11.06.2016"
"107",98,10.83,"+0.4","Marion Jones","USA","12.10.75","Moskva","05.09.1998","Moskva 05.09.1998"
"296",293,10.91,"+0.2","Evelyn Ashford","USA","15.04.57","Moskva","06.07.1986","Moskva 06.07.1986"
"336",333,10.92,"-0.6","Anelia Nuneva","BUL","30.06.62","Moskva","07.06.1987","Moskva 07.06.1987"
"343",333,10.92,"+0.6","Merlene Ottey","JAM","10.05.60","Moskva","07.06.1996","Moskva 07.06.1996"
"466",423,10.94,"-0.5","English Gardner","USA","22.04.92","Moskva","11.08.2013","Moskva 11.08.2013"
"14",12,10.71,"-0.3","Shelly-Ann Fraser-Pryce","JAM","27.12.86","Moskva","12.08.2013","Moskva 12.08.2013"
"477",476,10.95,"+0.1","Marlies G&ouml;hr","GDR","21.03.58","Moskva","17.08.1985","Moskva 17.08.1985"
"238",231,10.89,"+1.9","Irina Privalova","RUS","12.11.68","Moskva","18.07.1992","Moskva 18.07.1992"
"1557",1545,11.07,"+0.7","Natalya Voronova","RUS","09.07.65","Moskva","21.08.1987","Moskva 21.08.1987"
"83",82,10.82,"+2.0","Irina Privalova","RUS","12.11.68","Moskva","22.06.1992","Moskva 22.06.1992"
"1388",1395,11.06,"+0.5","Lyudmila Kondratyeva","RUS","11.04.58","Moskva","25.07.1980","Moskva 25.07.1980"
"1389",1395,11.06,"+1.0","Lyudmila Kondratyeva","RUS","11.04.58","Moskva","26.07.1980","Moskva 26.07.1980"
"1020",986,11.02,"0.0","Merlene Ottey","JAM","10.05.60","N&uuml;rnberg","11.07.1998","N&uuml;rnberg 11.07.1998"
"1120",1084,11.03,"-0.1","Merlene Ottey","JAM","10.05.60","N&uuml;rnberg","13.06.1999","N&uuml;rnberg 13.06.1999"
"1934",1853,11.09,"+2.0","Merlene Ottey","SLO","10.05.60","Naimette-Xhov&eacute;mont","03.08.2004","Naimette-Xhov&eacute;mont 03.08.2004"
"1814",1696,11.08,"+1.2","Barbara Pierre","USA","28.04.87","Naimette-Xhov&eacute;mont","16.07.2014","Naimette-Xhov&eacute;mont 16.07.2014"
"1160",1084,11.03,"+1.8","Blessing Okagbare","NGR","10.09.88","Nairobi","29.07.2010","Nairobi 29.07.2010"
"1932",1853,11.09,"+0.4","Christine Arron","FRA","13.09.73","Narbonne","24.07.2003","Narbonne 24.07.2003"
"1330",1292,11.05,"+1.4","LaTasha Jenkins","USA","19.12.77","Nashville","20.04.2002","Nashville 20.04.2002"
"1037",986,11.02,"+1.1","Chandra Sturrup","BAH","12.09.71","Nassau","09.07.2005","Nassau 09.07.2005"
"1433",1395,11.06,"+1.9","Chandra Sturrup","BAH","12.09.71","Nassau","15.07.1996","Nassau 15.07.1996"
"554",525,10.96,"-0.5","Chandra Sturrup","BAH","12.09.71","Nassau","18.06.1999","Nassau 18.06.1999"
"493",476,10.95,"+1.9","Chandra Sturrup","BAH","12.09.71","Nassau","20.06.1998","Nassau 20.06.1998"
"173",163,10.86,"+0.1","Chandra Sturrup","BAH","12.09.71","Nassau","21.07.2000","Nassau 21.07.2000"
"1118",1084,11.03,"+1.0","Sevatheda Fynes","BAH","17.10.74","Nassau","26.05.1999","Nassau 26.05.1999"
"991",986,11.02,"-1.3","Heike Drechsler","GER","16.12.64","Neubrandenburg","06.06.1986","Neubrandenburg 06.06.1986"
"729",722,10.99,"+1.6","Marlies G&ouml;hr","GDR","21.03.58","Neubrandenburg","07.06.1985","Neubrandenburg 07.06.1985"
"233",231,10.89,"+2.0","Marlies G&ouml;hr","GDR","21.03.58","Neubrandenburg","09.07.1988","Neubrandenburg 09.07.1988"
"383",377,10.93,"-0.2","Marlies G&ouml;hr","GDR","21.03.58","Neubrandenburg","10.06.1987","Neubrandenburg 10.06.1987"
"1571",1545,11.07,"+0.6","Mary Onyali","NGR","03.02.68","Neubrandenburg","21.06.1991","Neubrandenburg 21.06.1991"
"1979",1853,11.09,"+1.5","Octavious Freeman","USA","20.04.92","New Orleans","13.05.2012","New Orleans 13.05.2012"
"13",12,10.71,"+2.0","Marion Jones","USA","12.10.75","New Orleans","19.06.1998","New Orleans 19.06.1998"
"604",592,10.97,"-0.5","Gwen Torrence","USA","12.06.65","New Orleans","20.06.1992","New Orleans 20.06.1992"
"16",16,10.72,"+2.0","Marion Jones","USA","12.10.75","New Orleans","20.06.1998","New Orleans 20.06.1998"
"402",377,10.93,"+1.2","Veronica Campbell-Brown","JAM","16.05.82","New York City","02.06.2007","New York City 02.06.2007"
"362",333,10.92,"-0.1","Shelly-Ann Fraser-Pryce","JAM","27.12.86","New York City","09.06.2012","New York City 09.06.2012"
"1339",1292,11.05,"+0.2","Me'Lisa Barber","USA","04.10.80","New York City","11.06.2005","New York City 11.06.2005"
"875",806,11,"+0.4","English Gardner","USA","22.04.92","New York City","13.06.2015","New York City 13.06.2015"
"431",423,10.94,"+1.0","Carlette Guidry","USA","04.09.68","New York City","14.06.1991","New York City 14.06.1991"
"1659",1545,11.07,"-0.1","Tori Bowie","USA","27.08.90","New York City","14.06.2014","New York City 14.06.2014"
"817",806,11,"+0.3","Gwen Torrence","USA","12.06.65","New York City","20.07.1991","New York City 20.07.1991"
"1248",1188,11.04,"+1.3","Shalonda Solomon","USA","19.12.85","New York City","30.05.2009","New York City 30.05.2009"
"321",293,10.91,"+0.9","Veronica Campbell-Brown","JAM","16.05.82","New York City","31.05.2008","New York City 31.05.2008"
"976",888,11.01,"+1.6","Dafne Schippers","NED","15.06.92","Newcastle","12.09.2015","Newcastle 12.09.2015"
"744",722,10.99,"+0.4","Merlene Ottey","JAM","10.05.60","Nice","10.07.1989","Nice 10.07.1989"
"666",661,10.98,"-0.6","Merlene Ottey","JAM","10.05.60","Nice","13.07.1987","Nice 13.07.1987"
"760",722,10.99,"+0.4","Christine Arron","FRA","13.09.73","Nice","16.07.1998","Nice 16.07.1998"
"1744",1696,11.08,"-0.6","Christine Arron","FRA","13.09.73","Nice","17.07.1999","Nice 17.07.1999"
"1350",1292,11.05,"+0.3","Kim Gevaert","BEL","05.08.78","Nivelles","10.05.2008","Nivelles 10.05.2008"
"1635",1545,11.07,"+1.4","Alexandra Anderson","USA","28.01.87","Norman","29.05.2009","Norman 29.05.2009"
"1355",1292,11.05,"-0.3","Alexandra Anderson","USA","28.01.87","Norman","30.05.2009","Norman 30.05.2009"
"1874",1853,11.09,"+1.5","Carlette Guidry","USA","04.09.68","Norwalk","14.06.1990","Norwalk 14.06.1990"
"522",476,10.95,"+1.7","Jenna Prandini","USA","20.11.92","Norwalk","16.04.2016","Norwalk 16.04.2016"
"786",722,10.99,"+1.4","Marshevet Hooker","USA","25.09.84","Nottwil","08.08.2010","Nottwil 08.08.2010"
"1721",1696,11.08,"+2.0","Zhanna Block","UKR","06.07.72","Odessa","21.05.1993","Odessa 21.05.1993"
"1044",986,11.02,"+0.9","Veronica Campbell-Brown","JAM","16.05.82","Orlando","10.05.2008","Orlando 10.05.2008"
"1249",1188,11.04,"-1.1","Veronica Campbell-Brown","JAM","16.05.82","Orlando","13.06.2009","Orlando 13.06.2009"
"1051",986,11.02,"-0.1","Veronica Campbell-Brown","JAM","16.05.82","Osaka","08.05.2010","Osaka 08.05.2010"
"54",51,10.79,"-0.6","Marion Jones","USA","12.10.75","Osaka","09.05.1998","Osaka 09.05.1998"
"1129",1084,11.03,"-1.1","Chryste Gaines","USA","14.09.70","Osaka","10.05.2003","Osaka 10.05.2003"
"132",123,10.84,"-0.7","Marion Jones","USA","12.10.75","Osaka","13.05.2000","Osaka 13.05.2000"
"1627",1545,11.07,"+1.3","Carmelita Jeter","USA","24.11.79","Osaka","26.08.2007","Osaka 26.08.2007"
"776",722,10.99,"-0.1","Veronica Campbell-Brown","JAM","16.05.82","Osaka","27.08.2007","Osaka 27.08.2007"
"300",293,10.91,"+1.7","Heike Drechsler","GER","16.12.64","Oslo","02.07.1988","Oslo 02.07.1988"
"780",722,10.99,"+0.1","Kerron Stewart","JAM","16.04.84","Oslo","03.07.2009","Oslo 03.07.2009"
"1438",1395,11.06,"0.0","Marion Jones","USA","12.10.75","Oslo","04.07.1997","Oslo 04.07.1997"
"488",476,10.95,"+1.3","Merlene Ottey","JAM","10.05.60","Oslo","05.07.1996","Oslo 05.07.1996"
"215",210,10.88,"+0.2","Merlene Ottey","JAM","10.05.60","Oslo","06.07.1991","Oslo 06.07.1991"
"1392",1395,11.06,"+1.9","Evelyn Ashford","USA","15.04.57","Oslo","07.07.1982","Oslo 07.07.1982"
"90",82,10.82,"-0.5","Marion Jones","USA","12.10.75","Oslo","09.07.1998","Oslo 09.07.1998"
"435",423,10.94,"+1.2","Merlene Ottey","JAM","10.05.60","Oslo","10.07.1993","Oslo 10.07.1993"
"1175",1084,11.03,"-0.6","Murielle Ahour&eacute;","CIV","23.08.87","Oslo","11.06.2015","Oslo 11.06.2015"
"1267",1188,11.04,"+1.2","Ivet Lalova-Collio","BUL","18.05.84","Oslo","13.06.2013","Oslo 13.06.2013"
"1328",1292,11.05,"-0.1","Zhanna Block","UKR","06.07.72","Oslo","13.07.2001","Oslo 13.07.2001"
"562",525,10.96,"+0.3","Chandra Sturrup","BAH","12.09.71","Oslo","27.06.2003","Oslo 27.06.2003"
"394",377,10.93,"+0.3","Zhanna Block","UKR","06.07.72","Oslo","28.07.2000","Oslo 28.07.2000"
"1477",1395,11.06,"+0.1","Christine Arron","FRA","13.09.73","Oslo","29.07.2005","Oslo 29.07.2005"
"1136",1084,11.03,"+1.1","Ivet Lalova-Collio","BUL","18.05.84","Ostrava","09.06.2005","Ostrava 09.06.2005"
"1253",1188,11.04,"+1.5","Shelly-Ann Fraser-Pryce","JAM","27.12.86","Ostrava","27.05.2010","Ostrava 27.05.2010"
"32",29,10.76,"+1.1","Veronica Campbell-Brown","JAM","16.05.82","Ostrava","31.05.2011","Ostrava 31.05.2011"
"1706",1696,11.08,"+0.1","Angela Bailey","CAN","28.02.62","Ottawa","01.08.1987","Ottawa 01.08.1987"
"1375",1292,11.05,"-0.4","Alexandra Anderson","USA","28.01.87","Padova","01.09.2013","Padova 01.09.2013"
"720",661,10.98,"-0.8","Shelly-Ann Fraser-Pryce","JAM","27.12.86","Padova","06.09.2015","Padova 06.09.2015"
"746",722,10.99,"+0.4","Merlene Ottey","JAM","10.05.60","Padova","16.09.1990","Padova 16.09.1990"
"560",525,10.96,"+0.7","Chryste Gaines","USA","14.09.70","Palo Alto","21.06.2002","Palo Alto 21.06.2002"
"824",806,11,"+0.8","Merlene Ottey","JAM","10.05.60","Paris","03.07.1995","Paris 03.07.1995"
"40",38,10.78,"+0.4","Merlene Ottey","JAM","10.05.60","Paris","03.09.1994","Paris 03.09.1994"
"505",476,10.95,"+1.7","Christine Arron","FRA","13.09.73","Paris","03.09.2005","Paris 03.09.2005"
"623",592,10.97,"+1.4","Debbie Ferguson-McKenzie","BAH","16.01.76","Paris","14.09.2002","Paris 14.09.2002"
"734",722,10.99,"-0.5","Merlene Ottey","JAM","10.05.60","Paris","16.07.1987","Paris 16.07.1987"
"614",592,10.97,"+0.5","Christine Arron","FRA","13.09.73","Paris","19.06.1999","Paris 19.06.1999"
"1430",1395,11.06,"-0.1","Mary Onyali","NGR","03.02.68","Paris","28.06.1996","Paris 28.06.1996"
"218",210,10.88,"0.0","Marion Jones","USA","12.10.75","Paris","29.07.1998","Paris 29.07.1998"
"1244",1188,11.04,"-0.3","Tezdzhan Naimova","BUL","01.05.87","Plovdiv","01.07.2007","Plovdiv 01.07.2007"
"36",34,10.77,"+0.7","Ivet Lalova-Collio","BUL","18.05.84","Plovdiv","19.06.2004","Plovdiv 19.06.2004"
"949",888,11.01,"-0.7","Tianna Bartoletta","USA","30.08.85","Ponce","12.05.2012","Ponce 12.05.2012"
"1972",1853,11.09,"+0.2","Marshevet Hooker","USA","25.09.84","Ponce","14.05.2011","Ponce 14.05.2011"
"1270",1188,11.04,"-0.9","Michelle-Lee Ahye","TTO","10.04.92","Ponce","17.05.2014","Ponce 17.05.2014"
"1983",1853,11.09,"-0.7","Murielle Ahour&eacute;","CIV","23.08.87","Ponce","18.05.2013","Ponce 18.05.2013"
"1163",1084,11.03,"+1.1","Ruddy Zang Milama","GAB","06.06.87","Port of Spain","19.05.2012","Port of Spain 19.05.2012"
"455",423,10.94,"+1.7","Kelly-Ann Baptiste","TTO","14.10.86","Port of Spain","20.06.2009","Port of Spain 20.06.2009"
"160",141,10.85,"+1.6","Michelle-Lee Ahye","TTO","10.04.92","Port of Spain","21.06.2014","Port of Spain 21.06.2014"
"118",98,10.83,"+1.6","Kelly-Ann Baptiste","TTO","14.10.86","Port of Spain","22.06.2013","Port of Spain 22.06.2013"
"705",661,10.98,"+0.6","Kelly-Ann Baptiste","TTO","14.10.86","Port of Spain","23.06.2012","Port of Spain 23.06.2012"
"471",423,10.94,"+1.5","Michelle-Lee Ahye","TTO","10.04.92","Port of Spain","25.06.2016","Port of Spain 25.06.2016"
"701",661,10.98,"+1.7","Kelly-Ann Baptiste","TTO","14.10.86","Port of Spain","26.06.2010","Port of Spain 26.06.2010"
"140",123,10.84,"+1.4","Kelly-Ann Baptiste","TTO","14.10.86","Port of Spain","27.06.2015","Port of Spain 27.06.2015"
"163",163,10.86,"+0.4","Marlies G&ouml;hr","GDR","21.03.58","Potsdam","05.05.1984","Potsdam 05.05.1984"
"733",722,10.99,"+1.0","Heike Drechsler","GER","16.12.64","Potsdam","05.06.1987","Potsdam 05.06.1987"
"430",423,10.94,"+1.0","Marlies G&ouml;hr","GDR","21.03.58","Potsdam","08.09.1988","Potsdam 08.09.1988"
"660",661,10.98,"+0.9","Marlies G&ouml;hr","GDR","21.03.58","Potsdam","10.05.1980","Potsdam 10.05.1980"
"599",592,10.97,"+1.9","Heike Drechsler","GER","16.12.64","Potsdam","11.06.1986","Potsdam 11.06.1986"
"1539",1545,11.07,"-1.0","Marlies G&ouml;hr","GDR","21.03.58","Potsdam","13.07.1980","Potsdam 13.07.1980"
"1286",1292,11.05,"+0.4","Marlies G&ouml;hr","GDR","21.03.58","Potsdam","19.08.1978","Potsdam 19.08.1978"
"166",163,10.86,"+0.6","Silke M&ouml;ller","GER","20.06.64","Potsdam","20.08.1987","Potsdam 20.08.1987"
"1689",1696,11.08,"+0.2","Marlies G&ouml;hr","GDR","21.03.58","Potsdam","27.08.1982","Potsdam 27.08.1982"
"1089",1084,11.03,"+0.4","Marlies G&ouml;hr","GDR","21.03.58","Potsdam","30.06.1988","Potsdam 30.06.1988"
"1611",1545,11.07,"0.0","Zhanna Block","UKR","06.07.72","Poznan","08.06.2001","Poznan 08.06.2001"
"622",592,10.97,"0.0","Zhanna Block","UKR","06.07.72","Poznan","18.08.2002","Poznan 18.08.2002"
"476",476,10.95,"-0.2","Marlies G&ouml;hr","GDR","21.03.58","Praha","16.08.1984","Praha 16.08.1984"
"1859",1853,11.09,"+0.4","Nadezhda Georgieva","BUL","02.09.61","Praha","23.06.1987","Praha 23.06.1987"
"479",476,10.95,"-0.4","Marlies G&ouml;hr","GDR","21.03.58","Praha","27.06.1987","Praha 27.06.1987"
"1871",1853,11.09,"+1.2","Evette de Klerk","RSA","21.08.65","Pretoria","29.04.1989","Pretoria 29.04.1989"
"1565",1545,11.07,"0.0","Dawn Sowell","USA","27.03.66","Provo","01.06.1989","Provo 01.06.1989"
"38",38,10.78,"+1.0","Dawn Sowell","USA","27.03.66","Provo","03.06.1989","Provo 03.06.1989"
"826",806,11,"+1.5","Gwen Torrence","USA","12.06.65","Pune","13.09.1995","Pune 13.09.1995"
"1674",1545,11.07,"-1.3","Elaine Thompson","JAM","28.06.92","Rabat","22.05.2016","Rabat 22.05.2016"
"1917",1853,11.09,"0.0","Chandra Sturrup","BAH","12.09.71","Raleigh","17.06.2000","Raleigh 17.06.2000"
"1029",986,11.02,"+0.2","Zhanna Block","UKR","06.07.72","Rethimn&oacute;","01.07.2001","Rethimn&oacute; 01.07.2001"
"1765",1696,11.08,"0.0","Chryste Gaines","USA","14.09.70","Rethimn&oacute;","06.07.2003","Rethimn&oacute; 06.07.2003"
"133",123,10.84,"+0.6","Zhanna Block","UKR","06.07.72","Rethimn&oacute;","07.07.2002","Rethimn&oacute; 07.07.2002"
"1346",1292,11.05,"+0.2","Torri Edwards","USA","31.01.77","Rethimn&oacute;","18.07.2007","Rethimn&oacute; 18.07.2007"
"638",592,10.97,"+1.3","Carmelita Jeter","USA","24.11.79","Rethimn&oacute;","20.07.2009","Rethimn&oacute; 20.07.2009"
"1036",986,11.02,"+1.5","Yuliya Nesterenko","BLR","15.06.79","Rethimn&oacute;","23.06.2004","Rethimn&oacute; 23.06.2004"
"756",722,10.99,"+1.0","Ekater&iacute;ni Th&aacute;nou","GRE","01.02.75","Rethimn&oacute;","30.05.1998","Rethimn&oacute; 30.05.1998"
"1756",1696,11.08,"+0.6","Endurance Ojokolo","NGR","29.09.75","Rieti","02.09.2001","Rieti 02.09.2001"
"1568",1545,11.07,"+0.6","Merlene Ottey","JAM","10.05.60","Rieti","03.09.1989","Rieti 03.09.1989"
"672",661,10.98,"-1.5","Merlene Ottey","JAM","10.05.60","Rieti","06.09.1991","Rieti 06.09.1991"
"212",210,10.88,"+1.9","Evelyn Ashford","USA","15.04.57","Rieti","07.09.1986","Rieti 07.09.1986"
"1496",1395,11.06,"0.0","Shelly-Ann Fraser-Pryce","JAM","27.12.86","Rieti","07.09.2008","Rieti 07.09.2008"
"143",141,10.85,"+1.5","Merlene Ottey","JAM","10.05.60","Rieti","09.09.1990","Rieti 09.09.1990"
"1978",1853,11.09,"-0.1","Schillonie Calvert","JAM","27.07.88","Rieti","10.09.2011","Rieti 10.09.2011"
"1735",1696,11.08,"+0.6","Sevatheda Fynes","BAH","17.10.74","Rio de Janeiro","03.05.1998","Rio de Janeiro 03.05.1998"
"589",525,10.96,"-0.3","Shelly-Ann Fraser-Pryce","JAM","27.12.86","Rio de Janeiro","12.08.2016","Rio de Janeiro 12.08.2016"
"15",12,10.71,"+0.5","Elaine Thompson","JAM","28.06.92","Rio de Janeiro","13.08.2016","Rio de Janeiro 13.08.2016"
"1275",1188,11.04,"+0.3","Veronica Campbell-Brown","JAM","16.05.82","Rio de Janeiro","19.04.2015","Rio de Janeiro 19.04.2015"
"1041",986,11.02,"+0.8","Mikele Barber","USA","04.10.80","Rio de Janeiro","24.07.2007","Rio de Janeiro 24.07.2007"
"209",187,10.87,"+0.8","Elaine Thompson","JAM","28.06.92","Roma","02.06.2016","Roma 02.06.2016"
"827",806,11,"+0.3","Merlene Ottey","JAM","10.05.60","Roma","05.06.1996","Roma 05.06.1996"
"1376",1292,11.05,"+0.5","Tori Bowie","USA","27.08.90","Roma","05.06.2014","Roma 05.06.2014"
"985",986,11.02,"+0.1","Evelyn Ashford","USA","15.04.57","Roma","05.09.1981","Roma 05.09.1981"
"811",806,11,"+0.5","Florence Griffith-Joyner","USA","21.12.59","Roma","07.09.1985","Roma 07.09.1985"
"1138",1084,11.03,"-0.3","Christine Arron","FRA","13.09.73","Roma","08.07.2005","Roma 08.07.2005"
"1255",1188,11.04,"+0.2","LaShauntea Moore","USA","31.07.83","Roma","10.06.2010","Roma 10.06.2010"
"26",25,10.75,"+0.4","Kerron Stewart","JAM","16.04.84","Roma","10.07.2009","Roma 10.07.2009"
"246",231,10.89,"0.0","Chandra Sturrup","BAH","12.09.71","Roma","11.07.2003","Roma 11.07.2003"
"1032",986,11.02,"+0.7","Tayna Lawrence","JAM","17.09.75","Roma","12.07.2002","Roma 12.07.2002"
"1146",1084,11.03,"+0.8","Torri Edwards","USA","31.01.77","Roma","13.07.2007","Roma 13.07.2007"
"25",25,10.75,"+0.6","Marion Jones","USA","12.10.75","Roma","14.07.1998","Roma 14.07.1998"
"199",187,10.87,"+0.3","Sherone Simpson","JAM","12.08.84","Roma","14.07.2006","Roma 14.07.2006"
"190",187,10.87,"+0.2","Merlene Ottey","JAM","10.05.60","Roma","17.07.1991","Roma 17.07.1991"
"1722",1696,11.08,"-0.3","Irina Privalova","RUS","12.11.68","Roma","26.06.1993","Roma 26.06.1993"
"1708",1696,11.08,"-0.3","Heike Drechsler","GER","16.12.64","Roma","29.08.1987","Roma 29.08.1987"
"311",293,10.91,"+1.0","Marion Jones","USA","12.10.75","Roma","30.06.2000","Roma 30.06.2000"
"262",258,10.9,"-0.5","Silke M&ouml;ller","GER","20.06.64","Roma","30.08.1987","Roma 30.08.1987"
"861",806,11,"0.0","Murielle Ahour&eacute;","CIV","23.08.87","Roma","31.05.2012","Roma 31.05.2012"
"379",377,10.93,"+1.6","Evelyn Ashford","USA","15.04.57","Roma","31.08.1984","Roma 31.08.1984"
"1875",1853,11.09,"-0.9","Katrin Krabbe","GER","22.11.69","Rostock","23.06.1990","Rostock 23.06.1990"
"1562",1545,11.07,"+1.7","Silke M&ouml;ller","GER","20.06.64","Rostock","25.06.1988","Rostock 25.06.1988"
"2017",2,10.7,"-0.2","Svetlana Goncharenko","RUS","26.05.71","Rostov-na-Donu","30.05.1998","Rostov-na-Donu 30.05.1998"
"1818",1696,11.08,"+0.2","Ros&acirc;ngela Santos","BRA","20.12.90","S&atilde;o Bernardo do Campo","14.05.2015","S&atilde;o Bernardo do Campo 14.05.2015"
"1652",1545,11.07,"0.0","Ana Cl&aacute;udia Lemos Silva","BRA","06.11.88","S&atilde;o Paulo","06.06.2013","S&atilde;o Paulo 06.06.2013"
"1576",1545,11.07,"+0.7","Gwen Torrence","USA","12.06.65","S&atilde;o Paulo","21.05.1994","S&atilde;o Paulo 21.05.1994"
"789",722,10.99,"+1.8","Damola Osayomi","NGR","26.07.86","S&atilde;o Paulo","22.05.2011","S&atilde;o Paulo 22.05.2011"
"627",592,10.97,"+0.1","LaTasha Colander","USA","23.08.76","Sacramento","10.07.2004","Sacramento 10.07.2004"
"352",333,10.92,"-0.2","Marion Jones","USA","12.10.75","Sacramento","14.07.2000","Sacramento 14.07.2000"
"1012",986,11.02,"+1.3","Chryste Gaines","USA","14.09.70","Sacramento","15.06.1995","Sacramento 15.06.1995"
"219",210,10.88,"-1.0","Marion Jones","USA","12.10.75","Sacramento","15.07.2000","Sacramento 15.07.2000"
"1207",1188,11.04,"0.0","Gwen Torrence","USA","12.06.65","Sacramento","16.06.1995","Sacramento 16.06.1995"
"1542",1545,11.07,"0.0","Evelyn Ashford","USA","15.04.57","Sacramento","20.06.1981","Sacramento 20.06.1981"
"328",293,10.91,"+2.0","Tori Bowie","USA","27.08.90","Sacramento","27.06.2014","Sacramento 27.06.2014"
"929",888,11.01,"+0.4","Sherone Simpson","JAM","12.08.84","Saint George's","29.05.2004","Saint George's 29.05.2004"
"1137",1084,11.03,"0.0","Christine Arron","FRA","13.09.73","Saint-Denis","01.07.2005","Saint-Denis 01.07.2005"
"615",592,10.97,"0.0","Zhanna Block","UKR","06.07.72","Saint-Denis","03.07.1999","Saint-Denis 03.07.1999"
"757",722,10.99,"+0.7","Christine Arron","FRA","13.09.73","Saint-Denis","04.06.1998","Saint-Denis 04.06.1998"
"925",888,11.01,"-0.4","Chandra Sturrup","BAH","12.09.71","Saint-Denis","04.07.2003","Saint-Denis 04.07.2003"
"23",22,10.74,"+0.2","Shelly-Ann Fraser-Pryce","JAM","27.12.86","Saint-Denis","04.07.2015","Saint-Denis 04.07.2015"
"1234",1188,11.04,"+0.1","Tayna Lawrence","JAM","17.09.75","Saint-Denis","05.07.2002","Saint-Denis 05.07.2002"
"558",525,10.96,"+0.5","Zhanna Block","UKR","06.07.72","Saint-Denis","06.07.2001","Saint-Denis 06.07.2001"
"366",333,10.92,"-0.2","Shelly-Ann Fraser-Pryce","JAM","27.12.86","Saint-Denis","06.07.2013","Saint-Denis 06.07.2013"
"813",806,11,"-0.9","Merlene Ottey","JAM","10.05.60","Saint-Denis","07.06.1988","Saint-Denis 07.06.1988"
"695",661,10.98,"+0.1","Sherone Simpson","JAM","12.08.84","Saint-Denis","08.07.2006","Saint-Denis 08.07.2006"
"324",293,10.91,"+0.6","Kelly-Ann Baptiste","TTO","14.10.86","Saint-Denis","08.07.2011","Saint-Denis 08.07.2011"
"782",722,10.99,"+0.2","Kerron Stewart","JAM","16.04.84","Saint-Denis","17.07.2009","Saint-Denis 17.07.2009"
"1715",1696,11.08,"-1.5","Merlene Ottey","JAM","10.05.60","Saint-Denis","22.06.1990","Saint-Denis 22.06.1990"
"1918",1853,11.09,"-0.4","Zhanna Block","UKR","06.07.72","Saint-Denis","23.06.2000","Saint-Denis 23.06.2000"
"692",661,10.98,"0.0","Chandra Sturrup","BAH","12.09.71","Saint-Denis","23.08.2003","Saint-Denis 23.08.2003"
"397",377,10.93,"+0.9","Torri Edwards","USA","31.01.77","Saint-Denis","24.08.2003","Saint-Denis 24.08.2003"
"1335",1292,11.05,"+0.2","Christine Arron","FRA","13.09.73","Sainte Anne","20.05.2004","Sainte Anne 20.05.2004"
"1781",1696,11.08,"+1.0","Cydonie Mothersille","CAY","19.03.78","Salamanca","05.07.2006","Salamanca 05.07.2006"
"60",60,10.8,"+1.6","Merlene Ottey","JAM","10.05.60","Salamanca","13.07.1992","Salamanca 13.07.1992"
"593",592,10.97,"-1.0","Evelyn Ashford","USA","15.04.57","San Diego","08.03.1982","San Diego 08.03.1982"
"232",231,10.89,"-0.1","Florence Griffith-Joyner","USA","21.12.59","San Diego","25.06.1988","San Diego 25.06.1988"
"973",888,11.01,"+1.4","Samantha Henry-Robinson","JAM","25.09.88","San Jos&eacute;","07.08.2015","San Jos&eacute; 07.08.2015"
"893",888,11.01,"+1.8","Alice Brown","USA","20.09.60","San Jos&eacute;","25.06.1987","San Jos&eacute; 25.06.1987"
"894",888,11.01,"+0.7","Alice Brown","USA","20.09.60","San Jos&eacute;","27.06.1987","San Jos&eacute; 27.06.1987"
"1288",1292,11.05,"+0.9","Evelyn Ashford","USA","15.04.57","San Juan","07.07.1979","San Juan 07.07.1979"
"1538",1545,11.07,"+0.8","Evelyn Ashford","USA","15.04.57","San Juan","08.07.1979","San Juan 08.07.1979"
"1014",986,11.02,"+0.8","Galina Malchugina","RUS","17.12.62","Sankt Peterburg","02.07.1996","Sankt Peterburg 02.07.1996"
"486",476,10.95,"+0.5","Gwen Torrence","USA","12.06.65","Sankt Peterburg","24.07.1994","Sankt Peterburg 24.07.1994"
"1219",1188,11.04,"+1.2","Irina Privalova","RUS","12.11.68","Sankt Peterburg","27.06.1998","Sankt Peterburg 27.06.1998"
"737",722,10.99,"+1.1","Florence Griffith-Joyner","USA","21.12.59","Santa Monica","12.07.1988","Santa Monica 12.07.1988"
"1476",1395,11.06,"+0.1","LaTasha Colander","USA","23.08.76","Santo Domingo","14.05.2005","Santo Domingo 14.05.2005"
"1078",986,11.02,"+0.3","Blessing Okagbare","NGR","10.09.88","Sapele","07.07.2016","Sapele 07.07.2016"
"1298",1292,11.05,"+1.1","Evelyn Ashford","USA","15.04.57","Sapporo","26.08.1989","Sapporo 26.08.1989"
"994",986,11.02,"+1.3","Anelia Nuneva","BUL","30.06.62","Schwechat","15.06.1988","Schwechat 15.06.1988"
"1472",1395,11.06,"+0.6","Ivet Lalova-Collio","BUL","18.05.84","Schwechat","30.05.2004","Schwechat 30.05.2004"
"1832",1696,11.08,"+1.3","Hannah Cunliffe","USA","09.01.96","Seattle","14.05.2016","Seattle 14.05.2016"
"1833",1696,11.08,"0.0","Hannah Cunliffe","USA","09.01.96","Seattle","15.05.2016","Seattle 15.05.2016"
"1096",1084,11.03,"0.0","Carlette Guidry","USA","04.09.68","Seattle","24.07.1990","Seattle 24.07.1990"
"1092",1084,11.03,"+1.0","Juliet Cuthbert","JAM","09.04.64","Seoul","24.08.1988","Seoul 24.08.1988"
"3",3,10.62,"+1.0","Florence Griffith-Joyner","USA","21.12.59","Seoul","24.09.1988","Seoul 24.09.1988"
"742",722,10.99,"+0.5","Evelyn Ashford","USA","15.04.57","Seoul","25.09.1988","Seoul 25.09.1988"
"429",423,10.94,"+2.0","Evelyn Ashford","USA","15.04.57","Sestriere","11.08.1988","Sestriere 11.08.1988"
"1097",1084,11.03,"-1.9","Merlene Ottey","JAM","10.05.60","Sestriere","31.07.1991","Sestriere 31.07.1991"
"1709",1696,11.08,"0.0","Merlene Ottey","JAM","10.05.60","Sevilla","01.06.1988","Sevilla 01.06.1988"
"31",29,10.76,"+0.3","Marion Jones","USA","12.10.75","Sevilla","21.08.1999","Sevilla 21.08.1999"
"8",7,10.7,"-0.1","Marion Jones","USA","12.10.75","Sevilla","22.08.1999","Sevilla 22.08.1999"
"1400",1395,11.06,"+0.4","Merlene Ottey","JAM","10.05.60","Sevilla","24.05.1986","Sevilla 24.05.1986"
"39",38,10.78,"+1.7","Merlene Ottey","JAM","10.05.60","Sevilla","30.05.1990","Sevilla 30.05.1990"
"360",333,10.92,"+1.2","Veronica Campbell-Brown","JAM","16.05.82","Shanghai","15.05.2011","Shanghai 15.05.2011"
"712",661,10.98,"+0.9","Blessing Okagbare","NGR","10.09.88","Shanghai","17.05.2015","Shanghai 17.05.2015"
"1039",986,11.02,"+1.1","Chandra Sturrup","BAH","12.09.71","Shanghai","17.09.2005","Shanghai 17.09.2005"
"268",258,10.9,"+0.6","Li Xuemei","CHN","05.01.77","Shanghai","17.10.1997","Shanghai 17.10.1997"
"53",51,10.79,"0.0","Li Xuemei","CHN","05.01.77","Shanghai","18.10.1997","Shanghai 18.10.1997"
"940",888,11.01,"0.0","Veronica Campbell-Brown","JAM","16.05.82","Shanghai","20.09.2008","Shanghai 20.09.2008"
"4",4,10.64,"+1.2","Carmelita Jeter","USA","24.11.79","Shanghai","20.09.2009","Shanghai 20.09.2009"
"1968",1853,11.09,"-0.1","Carmelita Jeter","USA","24.11.79","Shanghai","23.05.2010","Shanghai 23.05.2010"
"273",258,10.9,"-0.7","Veronica Campbell-Brown","JAM","16.05.82","Shanghai","28.09.2007","Shanghai 28.09.2007"
"1926",1853,11.09,"-0.7","Tayna Lawrence","JAM","17.09.75","Sheffield","30.06.2002","Sheffield 30.06.2002"
"1364",1292,11.05,"+0.5","Carrie Russel","JAM","18.10.90","Shenzhen","17.08.2011","Shenzhen 17.08.2011"
"713",661,10.98,"+2.0","Candace Hill","USA","11.02.99","Shoreline","20.06.2015","Shoreline 20.06.2015"
"572",525,10.96,"+0.8","Ivet Lalova-Collio","BUL","18.05.84","Sliven","02.07.2011","Sliven 02.07.2011"
"1701",1696,11.08,"0.0","Marina Molokova","RUS","24.08.62","Sochi","16.05.1987","Sochi 16.05.1987"
"142",141,10.85,"+2.0","Anelia Nuneva","BUL","30.06.62","Sofia","02.09.1988","Sofia 02.09.1988"
"1845",1853,11.09,"+1.7","Nadezhda Georgieva","BUL","02.09.61","Sofia","04.06.1983","Sofia 04.06.1983"
"1625",1545,11.07,"-2.1","Tezdzhan Naimova","BUL","01.05.87","Sofia","04.07.2007","Sofia 04.07.2007"
"1938",1853,11.09,"-0.3","Ivet Lalova-Collio","BUL","18.05.84","Sofia","07.06.2005","Sofia 07.06.2005"
"261",258,10.9,"-0.4","Anelia Nuneva","BUL","30.06.62","Sofia","15.08.1987","Sofia 15.08.1987"
"327",293,10.91,"+1.5","Murielle Ahour&eacute;","CIV","23.08.87","Sotteville-l&egrave;s-Rouen","08.07.2013","Sotteville-l&egrave;s-Rouen 08.07.2013"
"503",476,10.95,"+1.6","Christine Arron","FRA","13.09.73","Sotteville-l&egrave;s-Rouen","16.07.2004","Sotteville-l&egrave;s-Rouen 16.07.2004"
"1362",1292,11.05,"+1.4","Kelly-Ann Baptiste","TTO","14.10.86","Split","04.09.2010","Split 04.09.2010"
"1569",1545,11.07,"0.0","Katrin Krabbe","GER","22.11.69","Split","27.08.1990","Split 27.08.1990"
"235",231,10.89,"+1.8","Katrin Krabbe","GER","22.11.69","Split","28.08.1990","Split 28.08.1990"
"299",293,10.91,"+0.2","Anelia Nuneva","BUL","30.06.62","Stara Zagora","01.08.1987","Stara Zagora 01.08.1987"
"898",888,11.01,"+0.5","Anelia Nuneva","BUL","30.06.62","Stara Zagora","20.08.1988","Stara Zagora 20.08.1988"
"899",888,11.01,"-0.4","Anelia Nuneva","BUL","30.06.62","Stara Zagora","28.08.1988","Stara Zagora 28.08.1988"
"670",661,10.98,"-0.3","Merlene Ottey","JAM","10.05.60","Stockholm","03.07.1991","Stockholm 03.07.1991"
"530",525,10.96,"+0.9","Heike Drechsler","GER","16.12.64","Stockholm","05.07.1988","Stockholm 05.07.1988"
"1204",1188,11.04,"+0.5","Gail Devers","USA","19.11.66","Stockholm","05.07.1993","Stockholm 05.07.1993"
"494",476,10.95,"+1.1","Chryste Gaines","USA","14.09.70","Stockholm","05.08.1998","Stockholm 05.08.1998"
"1147",1084,11.03,"-0.5","Me'Lisa Barber","USA","04.10.80","Stockholm","07.08.2007","Stockholm 07.08.2007"
"264",258,10.9,"+1.9","Irina Privalova","RUS","12.11.68","Stockholm","12.07.1994","Stockholm 12.07.1994"
"316",293,10.91,"+0.6","Zhanna Block","UKR","06.07.72","Stockholm","16.07.2002","Stockholm 16.07.2002"
"419",377,10.93,"-0.2","Shelly-Ann Fraser-Pryce","JAM","27.12.86","Stockholm","30.07.2015","Stockholm 30.07.2015"
"248",231,10.89,"-0.2","Sherone Simpson","JAM","12.08.84","Stuttgart","10.09.2006","Stuttgart 10.09.2006"
"1592",1545,11.07,"0.0","Gwen Torrence","USA","12.06.65","Stuttgart","13.07.1997","Stuttgart 13.07.1997"
"454",423,10.94,"+0.3","Shelly-Ann Fraser-Pryce","JAM","27.12.86","Stuttgart","14.09.2008","Stuttgart 14.09.2008"
"606",592,10.97,"+0.2","Mary Onyali","NGR","03.02.68","Stuttgart","15.08.1993","Stuttgart 15.08.1993"
"86",82,10.82,"-0.3","Gail Devers","USA","19.11.66","Stuttgart","16.08.1993","Stuttgart 16.08.1993"
"1838",1853,11.09,"-0.2","Marlies G&ouml;hr","GDR","21.03.58","Stuttgart","22.08.1978","Stuttgart 22.08.1978"
"1402",1395,11.06,"-0.1","Marlies G&ouml;hr","GDR","21.03.58","Stuttgart","26.08.1986","Stuttgart 26.08.1986"
"298",293,10.91,"+0.8","Marlies G&ouml;hr","GDR","21.03.58","Stuttgart","27.08.1986","Stuttgart 27.08.1986"
"766",722,10.99,"+1.0","Ekater&iacute;ni Th&aacute;nou","GRE","01.02.75","Sydney","22.09.2000","Sydney 22.09.2000"
"796",722,10.99,"-1.2","Veronica Campbell-Brown","JAM","16.05.82","Sz&eacute;kesfeh&eacute;rv&aacute;r","07.07.2015","Sz&eacute;kesfeh&eacute;rv&aacute;r 07.07.2015"
"1696",1696,11.08,"+0.8","Silke M&ouml;ller","GER","20.06.64","Tallinn","21.06.1986","Tallinn 21.06.1986"
"897",888,11.01,"+1.9","Sheila Echols","USA","02.10.64","Tampa","17.06.1988","Tampa 17.06.1988"
"1256",1188,11.04,"-2.1","Carmelita Jeter","USA","24.11.79","Tangiers","18.07.2010","Tangiers 18.07.2010"
"6",6,10.67,"-0.1","Carmelita Jeter","USA","24.11.79","Thessalon&iacute;ki","13.09.2009","Thessalon&iacute;ki 13.09.2009"
"1758",1696,11.08,"-0.9","Zhanna Block","UKR","06.07.72","Thessalon&iacute;ki","24.07.2002","Thessalon&iacute;ki 24.07.2002"
"1245",1188,11.04,"-0.6","Veronica Campbell-Brown","JAM","16.05.82","Thessalon&iacute;ki","30.07.2007","Thessalon&iacute;ki 30.07.2007"
"765",722,10.99,"-1.2","Merlene Ottey","JAM","10.05.60","Thessalon&iacute;ki","30.08.2000","Thessalon&iacute;ki 30.08.2000"
"105",98,10.83,"-0.4","Merlene Ottey","JAM","10.05.60","Tokyo","06.09.1997","Tokyo 06.09.1997"
"302",293,10.91,"+1.4","Florence Griffith-Joyner","USA","21.12.59","Tokyo","07.10.1988","Tokyo 07.10.1988"
"597",592,10.97,"-0.8","Marlies G&ouml;hr","GDR","21.03.58","Tokyo","14.09.1984","Tokyo 14.09.1984"
"442",423,10.94,"+0.1","Merlene Ottey","JAM","10.05.60","Tokyo","16.09.1996","Tokyo 16.09.1996"
"594",592,10.97,"+1.5","Marlies G&ouml;hr","GDR","21.03.58","Tokyo","24.09.1982","Tokyo 24.09.1982"
"236",231,10.89,"-0.1","Merlene Ottey","JAM","10.05.60","Tokyo","26.08.1991","Tokyo 26.08.1991"
"433",423,10.94,"-0.1","Katrin Krabbe","GER","22.11.69","Tokyo","27.08.1991","Tokyo 27.08.1991"
"1081",1084,11.03,"+0.3","Marlies G&ouml;hr","GDR","21.03.58","Torino","04.08.1979","Torino 04.08.1979"
"373",333,10.92,"+1.6","Barbara Pierre","USA","28.04.87","Toronto","21.07.2015","Toronto 21.07.2015"
"521",476,10.95,"+0.9","Sherone Simpson","JAM","12.08.84","Toronto","22.07.2015","Toronto 22.07.2015"
"1197",1188,11.04,"+0.6","Laurence Bily","FRA","05.05.63","Tours","13.08.1989","Tours 13.08.1989"
"1931",1853,11.09,"0.0","Christine Arron","FRA","13.09.73","Tr&iacute;kala","24.06.2003","Tr&iacute;kala 24.06.2003"
"1161",1084,11.03,"+0.6","English Gardner","USA","22.04.92","Tucson","14.05.2011","Tucson 14.05.2011"
"1322",1292,11.05,"+2.0","Irina Privalova","RUS","12.11.68","Tula","29.07.1999","Tula 29.07.1999"
"1953",1853,11.09,"+1.1","Yevgeniya Polyakova","RUS","29.05.83","Tula","31.07.2007","Tula 31.07.2007"
"1986",1853,11.09,"-0.5","Verena Sailer","GER","16.10.85","Ulm","06.07.2013","Ulm 06.07.2013"
"269",258,10.9,"-0.8","Marion Jones","USA","12.10.75","Uniondale","19.07.1998","Uniondale 19.07.1998"
"1409",1395,11.06,"+0.5","Merlene Ottey","JAM","10.05.60","Verona","12.09.1989","Verona 12.09.1989"
"1390",1395,11.06,"-0.3","Evelyn Ashford","USA","15.04.57","Viareggio","05.08.1981","Viareggio 05.08.1981"
"1104",1084,11.03,"+1.5","Mary Onyali","NGR","03.02.68","Victoria","23.08.1994","Victoria 23.08.1994"
"52",51,10.79,"+1.7","Merlene Ottey","JAM","10.05.60","Vigo","23.07.1991","Vigo 23.07.1991"
"1200",1188,11.04,"+0.8","Mary Onyali","NGR","03.02.68","Villeneuve d'Ascq","01.07.1991","Villeneuve d'Ascq 01.07.1991"
"538",525,10.96,"+1.4","Gail Devers","USA","19.11.66","Villeneuve d'Ascq","02.07.1993","Villeneuve d'Ascq 02.07.1993"
"822",806,11,"0.0","Irina Privalova","RUS","12.11.68","Villeneuve d'Ascq","08.07.1994","Villeneuve d'Ascq 08.07.1994"
"759",722,10.99,"-0.8","Christine Arron","FRA","13.09.73","Villeneuve d'Ascq","11.07.1998","Villeneuve d'Ascq 11.07.1998"
"1762",1696,11.08,"+0.9","Christine Arron","FRA","13.09.73","Villeneuve d'Ascq","15.06.2003","Villeneuve d'Ascq 15.06.2003"
"1724",1696,11.08,"+2.0","Melanie Paschke","GER","29.06.70","Villeneuve d'Ascq","24.06.1995","Villeneuve d'Ascq 24.06.1995"
"482",476,10.95,"+1.3","Merlene Ottey","JAM","10.05.60","Villeneuve d'Ascq","25.06.1989","Villeneuve d'Ascq 25.06.1989"
"1876",1853,11.09,"+1.0","Mary Onyali","NGR","03.02.68","Villeneuve d'Ascq","29.06.1990","Villeneuve d'Ascq 29.06.1990"
"1016",986,11.02,"+0.2","Gail Devers","USA","19.11.66","Villeneuve d'Ascq","29.06.1997","Villeneuve d'Ascq 29.06.1997"
"1946",1853,11.09,"+1.4","Marshevet Hooker","USA","25.09.84","Waco","14.05.2006","Waco 14.05.2006"
"1310",1292,11.05,"+0.5","Beverly McDonald","JAM","15.02.70","Waco","19.04.1998","Waco 19.04.1998"
"788",722,10.99,"-0.1","Carmelita Jeter","USA","24.11.79","Walnut","16.04.2011","Walnut 16.04.2011"
"592",592,10.97,"+0.9","Evelyn Ashford","USA","15.04.57","Walnut","16.06.1979","Walnut 16.06.1979"
"483",476,10.95,"+1.2","Gail Devers","USA","19.11.66","Walnut","18.04.1992","Walnut 18.04.1992"
"569",525,10.96,"+0.9","Carmelita Jeter","USA","24.11.79","Walnut","18.04.2009","Walnut 18.04.2009"
"370",333,10.92,"+1.4","Jenna Prandini","USA","20.11.92","Walnut","18.04.2015","Walnut 18.04.2015"
"1235",1188,11.04,"+0.8","Muna Lee","USA","30.10.81","Walnut","19.04.2003","Walnut 19.04.2003"
"865",806,11,"+1.8","English Gardner","USA","22.04.92","Walnut","20.04.2013","Walnut 20.04.2013"
"1464",1395,11.06,"+0.6","Angela Williams","USA","30.01.80","Walnut","21.04.2002","Walnut 21.04.2002"
"888",888,11.01,"0.0","Merlene Ottey","JAM","10.05.60","Walnut","25.07.1984","Walnut 25.07.1984"
"334",333,10.92,"+1.0","Merlene Ottey","JAM","10.05.60","Walnut","28.04.1985","Walnut 28.04.1985"
"188",187,10.87,"+1.1","Merlene Ottey","JAM","10.05.60","Walnut","31.05.1987","Walnut 31.05.1987"
"960",888,11.01,"+1.2","Carrie Russel","JAM","18.10.90","Warszawa","25.08.2013","Warszawa 25.08.2013"
"1060",986,11.02,"+1.1","Verena Sailer","GER","16.10.85","Weinheim","02.08.2013","Weinheim 02.08.2013"
"1372",1292,11.05,"+1.4","Verena Sailer","GER","16.10.85","Weinheim","27.07.2012","Weinheim 27.07.2012"
"378",377,10.93,"+0.1","Evelyn Ashford","USA","15.04.57","Westwood","07.08.1982","Westwood 07.08.1982"
"722",722,10.99,"0.0","Evelyn Ashford","USA","15.04.57","Westwood","10.05.1981","Westwood 10.05.1981"
"732",722,10.99,"+1.3","Valerie Brisco","USA","06.07.60","Westwood","17.05.1986","Westwood 17.05.1986"
"1293",1292,11.05,"-0.3","Gail Devers","USA","19.11.66","Westwood","22.05.1988","Westwood 22.05.1988"
"1804",1696,11.08,"+1.2","Oleysa Povh","UKR","18.10.87","Yalta","04.06.2012","Yalta 04.06.2012"
"1514",1395,11.06,"+1.1","Mariya Ryemyen","UKR","02.08.87","Yalta","05.06.2013","Yalta 05.06.2013"
"1232",1188,11.04,"-0.3","Susanthika Jayasinghe","SRI","17.12.75","Yokohama","09.09.2000","Yokohama 09.09.2000"
"1343",1292,11.05,"+0.7","Allyson Felix","USA","18.11.85","Yokohama","19.09.2005","Yokohama 19.09.2005"
"1284",1188,11.04,"-0.1","Christania Williams","JAM","17.10.94","Z&uuml;rich","01.09.2016","Z&uuml;rich 01.09.2016"
"420",377,10.93,"-1.4","Shelly-Ann Fraser-Pryce","JAM","27.12.86","Z&uuml;rich","03.09.2015","Z&uuml;rich 03.09.2015"
"389",377,10.93,"-0.9","Merlene Ottey","JAM","10.05.60","Z&uuml;rich","04.08.1993","Z&uuml;rich 04.08.1993"
"1475",1395,11.06,"-0.7","Christine Arron","FRA","13.09.73","Z&uuml;rich","06.08.2004","Z&uuml;rich 06.08.2004"
"191",187,10.87,"-1.0","Merlene Ottey","JAM","10.05.60","Z&uuml;rich","07.08.1991","Z&uuml;rich 07.08.1991"
"499",476,10.95,"-1.2","Marion Jones","USA","12.10.75","Z&uuml;rich","11.08.2000","Z&uuml;rich 11.08.2000"
"35",34,10.77,"-0.9","Marion Jones","USA","12.10.75","Z&uuml;rich","12.08.1998","Z&uuml;rich 12.08.1998"
"1174",1084,11.03,"-0.4","Myriam Soumar&eacute;","FRA","29.10.86","Z&uuml;rich","12.08.2014","Z&uuml;rich 12.08.2014"
"478",476,10.95,"-0.1","Evelyn Ashford","USA","15.04.57","Z&uuml;rich","13.08.1986","Z&uuml;rich 13.08.1986"
"551",525,10.96,"-1.2","Merlene Ottey","JAM","10.05.60","Z&uuml;rich","13.08.1997","Z&uuml;rich 13.08.1997"
"1816",1696,11.08,"+0.6","Dafne Schippers","NED","15.06.92","Z&uuml;rich","13.08.2014","Z&uuml;rich 13.08.2014"
"490",476,10.95,"-0.8","Merlene Ottey","JAM","10.05.60","Z&uuml;rich","14.08.1996","Z&uuml;rich 14.08.1996"
"804",806,11,"-0.7","Evelyn Ashford","USA","15.04.57","Z&uuml;rich","15.08.1979","Z&uuml;rich 15.08.1979"
"387",377,10.93,"-1.2","Merlene Ottey","JAM","10.05.60","Z&uuml;rich","15.08.1990","Z&uuml;rich 15.08.1990"
"247",231,10.89,"-0.1","Chryste Gaines","USA","14.09.70","Z&uuml;rich","15.08.2003","Z&uuml;rich 15.08.2003"
"1567",1545,11.07,"-0.7","Merlene Ottey","JAM","10.05.60","Z&uuml;rich","16.08.1989","Z&uuml;rich 16.08.1989"
"502",476,10.95,"-0.5","Chryste Gaines","USA","14.09.70","Z&uuml;rich","16.08.2002","Z&uuml;rich 16.08.2002"
"1091",1084,11.03,"+0.6","Evelyn Ashford","USA","15.04.57","Z&uuml;rich","17.08.1988","Z&uuml;rich 17.08.1988"
"768",722,10.99,"-1.0","Chandra Sturrup","BAH","12.09.71","Z&uuml;rich","17.08.2001","Z&uuml;rich 17.08.2001"
"1688",1696,11.08,"-1.0","Evelyn Ashford","USA","15.04.57","Z&uuml;rich","18.08.1982","Z&uuml;rich 18.08.1982"
"1951",1853,11.09,"-0.8","Sherone Simpson","JAM","12.08.84","Z&uuml;rich","18.08.2006","Z&uuml;rich 18.08.2006"
"808",806,11,"-1.1","Evelyn Ashford","USA","15.04.57","Z&uuml;rich","19.08.1981","Z&uuml;rich 19.08.1981"
"1191",1188,11.04,"-0.6","Gail Devers","USA","19.11.66","Z&uuml;rich","19.08.1987","Z&uuml;rich 19.08.1987"
"434",423,10.94,"0.0","Gwen Torrence","USA","12.06.65","Z&uuml;rich","19.08.1992","Z&uuml;rich 19.08.1992"
"151",141,10.85,"+0.4","Veronica Campbell-Brown","JAM","16.05.82","Z&uuml;rich","19.08.2005","Z&uuml;rich 19.08.2005"
"252",231,10.89,"0.0","Veronica Campbell-Brown","JAM","16.05.82","Z&uuml;rich","19.08.2010","Z&uuml;rich 19.08.2010"
"890",888,11.01,"-1.4","Valerie Brisco","USA","06.07.60","Z&uuml;rich","21.08.1985","Z&uuml;rich 21.08.1985"
"29",29,10.76,"+1.7","Evelyn Ashford","USA","15.04.57","Z&uuml;rich","22.08.1984","Z&uuml;rich 22.08.1984"
"175",163,10.86,"+0.7","Carmelita Jeter","USA","24.11.79","Z&uuml;rich","28.08.2009","Z&uuml;rich 28.08.2009"
"1272",1188,11.04,"-0.7","Veronica Campbell-Brown","JAM","16.05.82","Z&uuml;rich","28.08.2014","Z&uuml;rich 28.08.2014"
"708",661,10.98,"+0.5","Carrie Russel","JAM","18.10.90","Z&uuml;rich","29.08.2013","Z&uuml;rich 29.08.2013"
"117",98,10.83,"-0.4","Shelly-Ann Fraser-Pryce","JAM","27.12.86","Z&uuml;rich","30.08.2012","Z&uuml;rich 30.08.2012"
"338",333,10.92,"+1.1","Anelia Nuneva","BUL","30.06.62","Zagreb","02.06.1988","Zagreb 02.06.1988"
"871",806,11,"-0.1","Barbara Pierre","USA","28.04.87","Zagreb","03.09.2013","Zagreb 03.09.2013"
"1649",1545,11.07,"-0.6","Carmelita Jeter","USA","24.11.79","Zagreb","04.09.2012","Zagreb 04.09.2012"
"1743",1696,11.08,"-1.2","Sevatheda Fynes","BAH","17.10.74","Zagreb","05.07.1999","Zagreb 05.07.1999"
"1313",1292,11.05,"+0.4","Inger Miller","USA","12.06.72","Zagreb","07.07.1998","Zagreb 07.07.1998"
"859",806,11,"-0.5","Carmelita Jeter","USA","24.11.79","Zagreb","13.09.2011","Zagreb 13.09.2011"
"1861",1853,11.09,"+0.9","Gwen Torrence","USA","12.06.65","Zagreb","14.07.1987","Zagreb 14.07.1987"
